id	ocr_result	expected	description	image_file
001	業火よ永霧と徳竿宿す。裁け。	業火よ氷霧と微笑宿す。裁け。	from Magi OCR	
002	霞えと浪気に客属染めろ。原理を苑の休め。	震えと冷気に眷属染めろ。原理を帝の休め。	from Magi OCR	
003	魂の星と微慰の宮す。支え。	魂の星と微塵の宿す。支え。	from Magi OCR	
004	閤より浴気に客属飢え。原始の帝の見失っ。	闇より冷気に眷属飢え。原始の帝の見失っ。	from Magi OCR	
005	姐まりの氷霧と微笑宿す。振り。	始まりの氷霧と微笑宿す。振り。	from Magi OCR	
006	羅の烙印を秘術の守る。沈み具現は呼君呼び覚まさ。授かり。	羅の烙印を秘術の守る。沈み具現は呼吸呼び覚まさ。授かり。	from Magi OCR	
007	羅の聖者枝意守る。沈み巳の呼び声を住まう。砕けよ。	羅の聖者極意守る。沈み己の呼び声を住まう。砕けよ。	from Magi OCR	
008	灰腐と浴気に客属冠す。原始の帝の見失い。	灰塵と冷気に眷属冠す。原始の帝の見失い。	from Magi OCR	
009	羅剤に聖者探威よ守る。沈黙の影に呼君住まう。傷つき。	羅刹に聖者猛威よ守る。沈黙の影に呼吸住まう。傷つき。	from Magi OCR	
010	永塊よ姿を微笑宿す。従い。	氷塊よ姿を微笑宿す。従い。	from Magi OCR	
011	罹の聖戦に装きを守る。塔の源流に呼君呼び覚まさ。呪わ。	羅の聖戦に裁きを守る。塔の源流に呼吸呼び覚まさ。呪わ。	from Magi OCR	
012	罹剤に聖者探威よ守る。塔と獣の岳吸住まう。生まれ。	羅刹に聖者猛威よ守る。塔と獣の呼吸住まう。生まれ。	from Magi OCR	
013	羅剤に烙印を誠属降らせ。原妹の帝王響き。	羅刹に烙印を眷属降らせ。原始の帝王響き。	from Magi OCR	
014	羅の烙印を龍と守る。塔と帝玩喰らい。	羅の烙印を龍と守る。塔と帝王喰らい。	from Magi OCR	
015	羅剤に聖戦に恐怖とともに守る。塔と願いを消え去れ。	羅刹に聖戦に恐怖とともに守る。塔と願いを消え去れ。	from Magi OCR	
016	羅の聖戦に恐怖の守る。沈黙の王が絵れ狂う。	羅の聖戦に恐怖の守る。沈黙の王が荒れ狂う。	from Magi OCR	
017	羅の烙印を道の守る。塔の幻と呼び声を住まう。砕けよ。	羅の烙印を達の守る。塔の幻と呼び声を住まう。砕けよ。	from Magi OCR	
018	羅剤に聖戦に集結守る。沈み使いよ呼君住まう。頚づく。	羅刹に聖戦に集結守る。沈み使いよ呼吸住まう。額づく。	from Magi OCR	
019	羅の聖戦に巫女よ澄み滞り。還る。	羅の聖戦に巫女よ澄み渡り。還る。	from Magi OCR	
020	真の涌気に室属許し。火煙り。	真の冷気に眷属許し。火照り。	from Magi OCR	
021	罷利に聖者威風守る。塔と爆撃渦巻く。	羅刹に聖者威風守る。塔と爆撃渦巻く。	from Magi OCR	
022	羅の聖戦に慢怒と守る。沈黙の微塵の呼吾住まう。呪わ。	羅の聖戦に憤怒と守る。沈黙の微塵の呼吸住まう。呪わ。	from Magi OCR	
023	羅剤に聖者破溶を守る。塔と音こそ傾け。	羅刹に聖者破滅を守る。塔と音こそ傾け。	from Magi OCR	
024	羅の聖者鐡と守る。沈黙の刻印よ呼び声を住まう。持て。	羅の聖者鎧と守る。沈黙の刻印よ呼び声を住まう。持て。	from Magi OCR	
025	羅剤に聖者幻と逆巻く。原理を平らか見失い。	羅刹に聖者幻と逆巻く。原理を平らか見失い。	from Magi OCR	
026	自制の浴気に室属唱える。原始にて平穏の貴け。	自制の冷気に眷属唱える。原始にて平穏の貫け。	from Magi OCR	
027	羅剤に烙印を古今守る。塔の森羅万象の呼び声を住まう。澄み浸る。	羅刹に烙印を古今守る。塔の森羅万象の呼び声を住まう。澄み渡る。	from Magi OCR	
028	罹の烙印を刀剣に守る。沈み具足を呼び声の住まう。掲げ。	羅の烙印を刀剣に守る。沈み具足を呼び声の住まう。掲げ。	from Magi OCR	
029	罷利に聖者鎖を守る。塔の雲淑如ねる。	羅刹に聖者鎧を守る。塔の雲海委ねる。	from Magi OCR	
030	罹剤に聖者古の守る。沈み幽鬼呼び声の任まう。帰れ。	羅刹に聖者古の守る。沈み幽鬼呼び声の住まう。帰れ。	from Magi OCR	
031	羅剤に聖戦に記憶の妄ねよ。原始にて平らか許さ。	羅刹に聖戦に記憶の委ねよ。原始にて平らか許さ。	from Magi OCR	
032	羅の聖者書属為り。原始の平らか呼び寄せ。	羅の聖者眷属為り。原始の平らか呼び寄せ。	from Magi OCR	
033	靄太動地の浜気に書属染めろ。原理を帝の休め。	震天動地の冷気に眷属染めろ。原理を帝の休め。	from Magi OCR	
034	深淵へ旅人よ氷める。	深淵へ旅人よ求める。	from Magi OCR	
035	烙印を妖綱に微竿宿す。尽くせ。	烙印を妖精に微笑宿す。尽くせ。	from Magi OCR	
036	罹剤に聖戦にキモが守る。沈黙の煉獣の羽はたき。	羅刹に聖戦に王が守る。沈黙の煉獄の羽ばたき。	from Magi OCR	
037	羅剤に烙印を秘術を帰ら。光らせ。	羅刹に烙印を秘術を帰ら。光らせ。	from Magi OCR	
038	羅剤に聖戦にの抗う。原理を帝王血塗ら。	羅刹に聖戦に王の抗う。原理を帝王血塗ら。	from Magi OCR	
039	影から浴気に強き死に。横たわり。	影から冷気に強き死に。横たわり。	from Magi OCR	
040	羅剤に聖戦に姿が妄ねよ。原始にて帝王生まれ。	羅刹に聖戦に姿が委ねよ。原始にて帝王生まれ。	from Magi OCR	
041	始まりは浜気に書属取り戻さ。原始にて帝玩焼か。	始まりは冷気に眷属取り戻さ。原始にて帝王焼か。	from Magi OCR	
042	風が快方の微慮の仕える。支え。	風が快方の微塵の仕える。支え。	from Magi OCR	
043	羅剤に聖者道に守る。塔の引導願い。	羅刹に聖者達に守る。塔の引導願い。	from Magi OCR	
044	羅剤に聖戦に記憶に斬る。原始の苑の血塗ら。	羅刹に聖戦に記憶に斬る。原始の帝の血塗ら。	from Magi OCR	
045	鎮と世界を急ぐ。	鎧と世界を急ぐ。	from Magi OCR	
046	羅剛に烙印を慢怒に守る。沈黙の刻印を呼び戻し。	羅刹に烙印を憤怒に守る。沈黙の刻印を呼び戻し。	from Magi OCR	
047	而を涌気に書属現れよ。降らし。	血を冷気に眷属現れよ。降らし。	from Magi OCR	
048	羅剤に聖戦に灼熱の守る。塔の暴風呼び声を住まう。生まれ。	羅刹に聖戦に灼熱の守る。塔の暴風呼び声を住まう。生まれ。	from Magi OCR	
049	守護を裁きの微塵の仕える。暴き。	守護を裁きの微塵の仕える。響き。	from Magi OCR	
050	灰慮へ浴気に客属抗え。原理を帝の振るわ。	灰塵へ冷気に眷属抗え。原理を帝の振るわ。	from Magi OCR	
051	法衣を浴気に室属住む。唱える。	法衣を冷気に眷属住む。唱える。	from Magi OCR	
052	鎮と河気に強き照らす。開け。	鎧と冷気に強き照らす。開け。	from Magi OCR	
053	姐祖の浴気に書属悟れ。原始にて帝玩震えろ。	始祖の冷気に眷属悟れ。原始にて帝王震えろ。	from Magi OCR	
054	羅の烙印を刀刻に求める。遺る。	羅の烙印を刀剣に求める。遮る。	from Magi OCR	
055	獣と河気に強欲の宿す。起せ。	獣と冷気に強欲の宿す。起せ。	from Magi OCR	
056	始祖の水結の微塵の宿す。振り。	始祖の氷結の微塵の宿す。振り。	from Magi OCR	
057	羅剤に聖者貫欲開ぐ。呼び戻せ。	羅刹に聖者貪欲開く。呼び戻せ。	from Magi OCR	
058	扉よ影に征慶の仕える。従い。	扉よ影に微塵の仕える。従い。	from Magi OCR	
059	旅路の浴気に客属見失い。刻ま。	旅路の冷気に眷属見失い。刻ま。	from Magi OCR	
060	羅剤に聖者左女よ斬る。原始の帝王見失い。	羅刹に聖者巫女よ斬る。原始の帝王見失い。	from Magi OCR	
061	羅剤に聖戦に貫欲守る。塔と原始にて降ろさ。	羅刹に聖戦に貪欲守る。塔と原始にて降ろさ。	from Magi OCR	
062	罹剤に聖者王が守る。沈黙の雲壊を呼び声の住まう。喰い。	羅刹に聖者王が守る。沈黙の雲壌を呼び声の住まう。喰い。	from Magi OCR	
063	罹の聖戦に圧殺守る。塔と以下呼び声を住まう。消え去ら。	羅の聖戦に圧殺守る。塔と以下呼び声を住まう。消え去ら。	from Magi OCR	
064	羅の聖戦に以って守る。塔と引導羽はたき。	羅の聖戦に以って守る。塔と引導羽ばたき。	from Magi OCR	
065	愚愛御身の微笑宿す。巫す。	慈愛御身の微笑宿す。差す。	from Magi OCR	
066	罹剤に聖者装きを販け。原理を平らか思い出せ。	羅刹に聖者裁きを貫け。原理を平らか思い出せ。	from Magi OCR	
067	調べに浴気に強き遂ける。掲げ。	調べに冷気に強き遂げる。掲げ。	from Magi OCR	
068	羅の聖戦に装きの詠じる。原理を帝王響き。	羅の聖戦に裁きの詠じる。原理を帝王響き。	from Magi OCR	
069	枯感濤よ征慰の宮す。住まい。	極意濤よ微塵の宿す。住まい。	from Magi OCR	
070	暖黒の浴気に客属緩め。原始の帝王折る。	暗黒の冷気に眷属緩め。原始の帝王折る。	from Magi OCR	
071	羅剤に聖者障墾は守る。塔と瞬きよ呼び声を呼び覚まさ。交わる。	羅刹に聖者障壁は守る。塔と瞬きよ呼び声を呼び覚まさ。交わる。	from Magi OCR	
072	闇に浜気に書属掲げ。原始の帝の戯れ。	闇に冷気に眷属掲げ。原始の帝の戯れ。	from Magi OCR	
073	而の涌気に強き現せ。原始にて平穏の貫け。	血の冷気に強き現せ。原始にて平穏の貫け。	from Magi OCR	
074	羅剤に聖者巳が師ら。唱える。	羅刹に聖者己が帰ら。唱える。	from Magi OCR	
075	主の道も微笑宿す。現し。	王の道も微笑宿す。現し。	from Magi OCR	
076	而肉とともに浜気に書属つなき止める。光り。	血肉とともに冷気に眷属つなぎ止める。光り。	from Magi OCR	
077	自身なり浜気に書属唱える。原始の平らか買け。	自身なり冷気に眷属唱える。原始の平らか貫け。	from Magi OCR	
078	羅の烙印慢怒と過き去り。原始にて帝の化せ。	羅の烙印を憤怒と過ぎ去り。原始にて帝の化せ。	from Magi OCR	
079	羅剤に聖者死者に降らす。原始にて帝王持て。	羅刹に聖者死者に降らす。原始にて帝王持て。	from Magi OCR	
080	魂よ入相の鐙の残す。	魂よ入相の鐘の残す。	from Magi OCR	
081	羅剤に聖者左女よ守る。塔と古今逆巻く。	羅刹に聖者巫女よ守る。塔と古今逆巻く。	from Magi OCR	
082	羅の聖戦に狭間に震わせよ。姜ねよ。	羅の聖戦に狭間に震わせよ。委ねよ。	from Magi OCR	
083	羅剤に聖者幻を守る。塔と具現は呼び声を住まう。駆け回り。	羅刹に聖者幻を守る。塔と具現は呼び声を住まう。駆け回り。	from Magi OCR	
084	刻の凍結休め。	剣の凍結休め。	from Magi OCR	
085	扉よ意の征慶の宮す。解き放て。	扉よ意の微塵の宿す。解き放て。	from Magi OCR	
086	羅の聖戦に鎖と守る。塔と鎮と呼吸住まう。帰れ。	羅の聖戦に鎧と守る。塔と鎧と呼吸住まう。帰れ。	from Magi OCR	
087	獣の浜気に書属赦し。朽ち果て。	獣の冷気に眷属赦し。朽ち果て。	from Magi OCR	
088	羅剤に聖戦に想敵光り。原始にて帝玩終わり。	羅刹に聖戦に怨敵光り。原始にて帝王終わり。	from Magi OCR	
089	罷剤に聖者間夜の守る。沈み霊威を触き放ち。	羅刹に聖者闇夜の守る。沈み霊威を解き放ち。	from Magi OCR	
090	刻を祝福の許し。	剣を祝福の許し。	from Magi OCR	
091	極感泥気に室属生み出せ。原始にて平穏の戯れ。	極意冷気に眷属生み出せ。原始にて平穏の戯れ。	from Magi OCR	
092	法衣を星空の逆巻ぐ。	法衣を星空の逆巻く。	from Magi OCR	
093	羅剤に聖戦に礼を傷つき。原始にて平穏の居り。	羅刹に聖戦に永久を傷つき。原始にて平穏の居り。	from Magi OCR	
094	羅剤に烙印狂気と貴け。原理を荊の駆り①てる。	羅刹に烙印を狂気と貫け。原理を帝の駆り立てる。	from Magi OCR	
095	扉を法気に室属買き。原理を帝王折れ。	扉を冷気に眷属貫き。原理を帝王折れ。	from Magi OCR	
096	羅剤に聖戦に削を守る。沈黙の霊魁を呼び声を住まう。トり。	羅刹に聖戦に前を守る。沈黙の霊魂を呼び声を住まう。下り。	from Magi OCR	
097	羅の聖者貴欲守る。塔の連続生きる。	羅の聖者貪欲守る。塔の連続生きる。	from Magi OCR	
098	羅剤に烙印を刀剣に解き育た。祈る。	羅刹に烙印を刀剣に解き放た。祈る。	from Magi OCR	
099	蟲の涌気に室属掲げ。原始の平穏の焼か。	蟲の冷気に眷属掲げ。原始の平穏の焼か。	from Magi OCR	
100	羅の聖戦に雷雲よ守る。塔と暴威を火煌り。	羅の聖戦に雷雲よ守る。塔と暴威を火照り。	from Magi OCR	
101	羅剤に聖戦に慌怒と守る。沈み微増の呼吾住まう。呪わ。	羅刹に聖戦に憤怒と守る。沈み微塵の呼吸住まう。呪わ。		
102	以下浜気に書属救え。還る。	以下冷気に眷属救え。還る。		
103	吐息の浴気に書属買き。原始にて帝玩尽くさ。	吐息の冷気に眷属貫き。原始にて帝王尽くさ。		
104	羅剤に聖戦に力にて残す。降らす。	羅刹に聖戦に力にて残す。降らす。		
105	羅の聖戦に恐怖の守る。沈黙の王が絵れ狂う。	羅の聖戦に恐怖の守る。沈黙の王が荒れ狂う。		
106	謙と吐恩を微塵の宿す。取り除き。	竜と吐息を微塵の宿す。取り除き。		
107	罷剤に聖者恵みを抗う。原始にて平らか居り。	羅刹に聖者恵みを抗う。原始にて平らか居り。		
108	吐息の浴気に客属坊ら。逆巻く。	吐息の冷気に眷属在ら。逆巻く。		
109	内に浜気に書属語れ。原始の帝の持て。	内に冷気に眷属語れ。原始の帝の持て。		
110	羅剤に聖者枝意写る。塔と霊にて呼び声を住まっう。震わせよ。	羅刹に聖者極意守る。塔と霊にて呼び声を住まう。震わせよ。		
111	羅剤に聖戦に圧倒守る。沈黙の平行の呼び声の住まう。現れよ。	羅刹に聖戦に圧倒守る。沈黙の平行の呼び声の住まう。現れよ。		
112	罷利に聖者間を暴き。持て。	羅刹に聖者闇を響き。持て。		
113	罹剤に聖戦に削の守る。塔と昔こそ呼び声の住まう。為り。	羅刹に聖戦に前の守る。塔と音こそ呼び声の住まう。為り。		
114	羅剤に聖戦に灼熱の教い出せ。原始にて帝の司る。	羅刹に聖戦に灼熱の救い出せ。原始にて帝の司る。		
115	羅剤に聖戦に大気の看取る。光らせ。	羅刹に聖戦に大気の看取る。光らせ。		
116	羅の聖戦に断紹守る。塔の影から現し。	羅の聖戦に断絶守る。塔の影から現し。		
117	羅剤に聖戦に幻と逆巻ぐ。原始の平らか見失い。	羅刹に聖戦に幻と逆巻く。原始の平らか見失い。		
118	羅剤に聖者枝意写る。塔と疾風よ触き政て。	羅刹に聖者極意守る。塔と疾風よ解き放て。		
119	謙の涌気に誠属上けげよ。原始にて常の呼び戻せ。	竜の冷気に眷属上げよ。原始にて帝の呼び戻せ。		
120	深淵と浴気に書属住まう。光り。	深淵と冷気に眷属住まう。光り。		
121	喪約に従い貫欲征笑宿す。失わ。	盟約に従い貪欲微笑宿す。失わ。		
122	鎮と河気に強き冠す。原理を帝王降らし。	鎧と冷気に強き冠す。原理を帝王降らし。		
123	羅の聖者障壁は守る。塔の帝王羽はたき。	羅の聖者障壁は守る。塔の帝王羽ばたき。		
124	羅の聖者玩の生み出す。原理を帝王居り。	羅の聖者王の生み出す。原理を帝王居り。		
125	羅剤に聖者貫欲煌らし。急ぐ。	羅刹に聖者貪欲照らし。急ぐ。		
126	罹の烙印を力にて守る。塔と影よ呼び声を住まう。生まれ。	羅の烙印を力にて守る。塔と影よ呼び声を住まう。生まれ。		
127	羅剤に聖者条の見失っ。為す。	羅刹に聖者条の見失っ。為す。		
128	羅剤に烙印を古今散る。原始の帝王示せ。	羅刹に烙印を古今散る。原始の帝王示せ。		
129	回廊へ浴気に強欲の受ける。居り。	回廊へ冷気に強欲の受ける。居り。		
130	使いの浴気に書属歌い。原始の帝王駆り①てる。	使いの冷気に眷属歌い。原始の帝王駆り立てる。		
131	羅の聖戦に烈風を守る。塔と獣の岳吸住まう。沿める。	羅の聖戦に烈風を守る。塔と獣の呼吸住まう。治める。		
132	羅剤に烙印を最終降らす。呼び戻せ。	羅刹に烙印を最終降らす。呼び戻せ。		
133	羅剛に烙印を力にて駆け抜ける。原理を帝玩化せ。	羅刹に烙印を力にて駆け抜ける。原理を帝王化せ。		
134	啓約に従い呪い住ら。	盟約に従い呪い在ら。		
135	羅の聖者玩が守る。塔の姿を呼君住まう。喰い。	羅の聖者王が守る。塔の姿を呼吸住まう。喰い。		
136	羅剤に聖者樹にて守る。沈み原理を呼び声の住まう。消えよ。	羅刹に聖者檻にて守る。沈み原理を呼び声の住まう。消えよ。		
137	回廊へ浴気に張き受ける。居り。	回廊へ冷気に強き受ける。居り。		
138	羅剤に聖戦に忙女よ氷める。還る。	羅刹に聖戦に巫女よ求める。還る。		
139	彌汲の浴気に室属失わ。極め。	殲滅の冷気に眷属失わ。極め。		
140	羅剤に聖戦に条に解き放て。祈る。	羅刹に聖戦に条に解き放て。祈る。		
141	羅刹に聖戦に吸撃守る。塔の世界を喰い。	羅刹に聖戦に咬撃守る。塔の世界を喰い。		
142	羅剤に聖者強欲の守る。塔と疾風よ呼び声の呼び覚まさ。買き。	羅刹に聖者強欲の守る。塔と疾風よ呼び声の呼び覚まさ。貫き。		
143	羅剤に烙印を達の守る。塔と剣と呼び声を住まう。宿れ。	羅刹に烙印を達の守る。塔と剣と呼び声を住まう。宿れ。		
144	羅剤に聖戦に姿が守る。塔の幻を呼び声を住まう。切り刻め。	羅刹に聖戦に姿が守る。塔の幻を呼び声を住まう。切り刻め。		
145	深淵よ秘術を氷める。	深淵よ秘術を求める。		
146	影を浜気に強き死に。槻たわり。	影を冷気に強き死に。横たわり。		
147	羅剤に聖者抱滝を守る。塔の螺旋の振るう。	羅刹に聖者抱擁を守る。塔の螺旋の振るう。		
148	羅の聖者旅路の守る。沈黙の原始の取り巻ぐ。	羅の聖者旅路の守る。沈黙の原始の取り巻く。		
149	羅の烙印慢怒と過き去り。原始の帝の化せ。	羅の烙印を憤怒と過ぎ去り。原始の帝の化せ。		
150	せ色の極意帰り。	七色の極意帰り。		
151	羅剤に聖戦に地殺守る。塔の大地を呼君住まう。拒ま。	羅刹に聖戦に圧殺守る。塔の大地を呼吸住まう。拒ま。		
152	靄太動地の浜気に書属染めろ。原理を帝の休め。	震天動地の冷気に眷属染めろ。原理を帝の休め。		
153	殲汲の条に開く。	殲滅の条に開く。		
154	灰慮と骸に微塵の宿す。悟れ。	灰塵と骸に微塵の宿す。悟れ。		
155	魂すら貴欲微塵の宿す。支え。	魂すら貪欲微塵の宿す。支え。		
156	罹剤に聖戦に契約により守る。塔の我は呼吸住まう。許さ。	羅刹に聖戦に契約により守る。塔の我は呼吸住まう。許さ。		
157	羅剤に烙印を力持て拒ま。引き裂か。	羅刹に烙印を力持て拒ま。引き裂か。		
158	羅剤に聖戦に障壁は守る。塔と正義と呼吸住まう。宿れ。	羅刹に聖戦に障壁は守る。塔と正義と呼吸住まう。宿れ。		
159	羅剤に聖者樹にて失え。原理を帝の振るわ。	羅刹に聖者檻にて失え。原理を帝の振るわ。		
160	羅の烙印を極徳守る。塔の今そ澄み渡り。	羅の烙印を極微守る。塔の今こそ澄み渡り。		
161	羅剤に聖者鎖を守る。塔の費に呼或住まう。示さ。	羅刹に聖者鎧を守る。塔の贄に呼吸住まう。示さ。		
162	せ色の入滅後笑宿す。成り。	七色の入滅微笑宿す。成り。		
163	羅の聖者古今澄み湛り。助け。	羅の聖者古今澄み渡り。助け。		
164	罷剤に聖者最終解き放て。原始にて帝王失え。	羅刹に聖者最終解き放て。原始にて帝王失え。		
165	女玩法気に強き任ら。原始にて帝王休め。	女王冷気に強き在ら。原始にて帝王休め。		
166	羅の聖戦に極徳守る。塔と霊へ呼吸住まう。震わせよ。	羅の聖戦に極微守る。塔と霊へ呼吸住まう。震わせよ。		
167	蓋より理に従い微笑宿す。見よ。	竜より理に従い微笑宿す。見よ。		
168	羅剤に聖者輝石を守る。塔の緑色の傷つき。	羅刹に聖者輝石を守る。塔の緑色の傷つき。		
169	羅剤に烙印を達の斬る。原始の帝王焼か。	羅刹に烙印を達の斬る。原始の帝王焼か。		
170	者共泥気に強欲の在ら。原始の帝王失え。	者共冷気に強欲の在ら。原始の帝王失え。		
171	碧愚脈属征笑宿す。降らせ。	暗愚眷属微笑宿す。降らせ。		
172	啓約の呪い在ら。	盟約の呪い在ら。		
173	宴よ法気に室属守り。引き裂か。	宴よ冷気に眷属守り。引き裂か。		
174	羅の聖者死神守る。塔と煉獄と呼君住まう。朽ち果て。	羅の聖者死神守る。塔と煉獄と呼吸住まう。朽ち果て。		
175	羅剛に烙印を刀剣に求める。選る。	羅刹に烙印を刀剣に求める。遮る。		
176	誘感の浴気に強き呼び戻せ。震えろ。	誘惑の冷気に強き呼び戻せ。震えろ。		
177	羅剤に聖者底に守る。沈黙の帝王呼び声を住まう。結ぶ。	羅刹に聖者底に守る。沈黙の帝王呼び声を住まう。結ぶ。		
178	姐まりは翼を微笑宿す。抗え。	始まりは翼を微笑宿す。抗え。		
179	隠堀は浴気に客属緩め。原始の平行の焼き。	障壁は冷気に眷属緩め。原始の平行の焼き。		
180	罹剤に聖者戒めに守る。塔と幽鬼呼吸住まう。振り。	羅刹に聖者戒めに守る。塔と幽鬼呼吸住まう。振り。		
181	障害を浴気に客属降り注き。原理を平らか降らし。	障害を冷気に眷属降り注ぎ。原理を平らか降らし。		
182	恐吹の浴気に強欲の座する。開け。	息吹の冷気に強欲の座する。開け。		
183	誘感の浴気に客属受ける。原始の帝王成す。	誘惑の冷気に眷属受ける。原始の帝王成す。		
184	羅剤に聖者破れ守る。沈黙の帝の降らす。	羅刹に聖者破れ守る。沈黙の帝の降らす。		
185	魂すら浴気に書属取り戻さ。原始の帝王駆り①てる。	魂すら冷気に眷属取り戻さ。原始の帝王駆り立てる。		
186	罹剤に聖者恵の守る。塔の渦を呼び声を呼び覚まさ。輝く。	羅刹に聖者恵の守る。塔の渦を呼び声を呼び覚まさ。輝く。		
187	獣と揺の降り注き。	獣と揺の降り注ぎ。		
188	羅剤に聖戦に恐怖の朽ち果て。映し。	羅刹に聖戦に恐怖の朽ち果て。映し。		
189	羅剤に聖者神速を守る。沈み平らか呼君住まう。呪わ。	羅刹に聖者神速を守る。沈み平らか呼吸住まう。呪わ。		
190	羅の烙印を脈属朽ち果て。原理を帝玩貴け。	羅の烙印を眷属朽ち果て。原理を帝王貫け。		
191	羅剤に聖戦に原理を守る。塔の古今呼君呼び覚まさ。消え去ら。	羅刹に聖戦に原理を守る。塔の古今呼吸呼び覚まさ。消え去ら。		
192	清段疾走微慰の宮す。残す。	清盛疾走微塵の宿す。残す。		
193	影を法気に室属引き裂か。原始にて帝の戯れ。	影を冷気に眷属引き裂か。原始にて帝の戯れ。		
194	羅剤に聖者樹よ守る。沈黙の原理を呼び声の住まう。消えよ。	羅刹に聖者檻よ守る。沈黙の原理を呼び声の住まう。消えよ。		
195	羅剤に聖戦に自付に守る。塔の魏鍋催け。	羅刹に聖戦に自在に守る。塔の螺鈿傾け。		
196	羅の烙印を道に妄ねよ。原始の帝王持て。	羅の烙印を達に委ねよ。原始の帝王持て。		
197	詞いを浴気に強欲の集い。降り注き。	祓いを冷気に強欲の集い。降り注ぎ。		
198	羅剤に聖者原理を守る。塔と蓋より治める。	羅刹に聖者原理を守る。塔と竜より治める。		
199	羅の聖戦に死地より守る。塔と森に呼君住まう。宮れ。	羅の聖戦に死地より守る。塔と森に呼吸住まう。宿れ。		
200	羅剤に聖戦に自在に過き去り。焼き。	羅刹に聖戦に自在に過ぎ去り。焼き。		
201	羅剤に烙印を以って守る。塔と征増の呼び声を住まっう。貴き。	羅刹に烙印を以って守る。塔と微塵の呼び声を住まう。貫き。		
202	羅剤に烙印を慢怒に守る。沈黙の徴慶の呼び声を住まう。頚づく。	羅刹に烙印を憤怒に守る。沈黙の微塵の呼び声を住まう。額づく。		
203	妖綱の悠遠を降り注き。	妖精の悠遠を降り注ぎ。		
204	罹の烙印を吐息の守る。塔と者の岳君呼び覚まさ。交わる。	羅の烙印を吐息の守る。塔と者の呼吸呼び覚まさ。交わる。		
205	羅の聖戦に刀刻に守る。沈黙の巳が願い。	羅の聖戦に刀剣に守る。沈黙の己が願い。		
206	深淵へ浴気に客属響け。焼き。	深淵へ冷気に眷属響け。焼き。		
207	罹の聖戦に脈属守る。塔の帝王呼び声の任まう。澄み渡り。	羅の聖戦に眷属守る。塔の帝王呼び声の住まう。澄み渡り。		
208	靄太動地の浜気に書属仰ぐ。原始にて帝王賜ら。	震天動地の冷気に眷属仰ぐ。原始にて帝王賜ら。		
209	羅剛に烙印を刀剣に帰ら。成す。	羅刹に烙印を刀剣に帰ら。成す。		
210	幽玄の雲壊を成り。	幽玄の雲壌を成り。		
211	羅剤に聖者恐恨の守る。沈黙の煉獣の駆け抜ける。	羅刹に聖者怨恨の守る。沈黙の煉獄の駆け抜ける。		
212	羅の聖戦に前を守る。沈み霊魂を呼び声を住まっう。トトり。	羅の聖戦に前を守る。沈み霊魂を呼び声を住まう。下り。		
213	羅剤に聖者鎖と守る。塔と鎮と呼び声の任まう。帰れ。	羅刹に聖者鎧と守る。塔と鎧と呼び声の住まう。帰れ。		
214	羅剤に聖者貫欲守る。沈み影を駆け抜ける。	羅刹に聖者貪欲守る。沈み影を駆け抜ける。		
215	羅の烙印を宴よトり。助け。	羅の烙印を宴よ下り。助け。		
216	羅の烙印書属守る。塔の刻印を呼び声の呼び覚まさ。呪わ。	羅の烙印を眷属守る。塔の刻印を呼び声の呼び覚まさ。呪わ。		
217	扉を法気に室属買き。原始の帝の折れ。	扉を冷気に眷属貫き。原始の帝の折れ。		
218	以下浜気に強き現せ。傷つき。	以下冷気に強き現せ。傷つき。		
219	罷剤に聖者姿が標たわる。原理を平らか焼か。	羅刹に聖者姿が横たわる。原理を平らか焼か。		
220	羅の聖者恐の守る。塔と具足を呼吸呼び覚まさ。輝く。	羅の聖者恵の守る。塔と具足を呼吸呼び覚まさ。輝く。		
221	鎮を法気に室属赦し。原始の帝王降らし。	鎧を冷気に眷属赦し。原始の帝王降らし。		
222	羅剤に聖戦に死者に傷つける。原理を帝王許し。	羅刹に聖戦に死者に傷つける。原理を帝王許し。		
223	羅剤に聖者風は朽ち果て。原始にて帝の化し。	羅刹に聖者風ば朽ち果て。原始にて帝の化し。		
224	羅の聖者威風守る。塔の爆裂潘巻く。	羅の聖者威風守る。塔の爆裂渦巻く。		
225	診いを浴気に書属緩め。引き裂か。	祓いを冷気に眷属緩め。引き裂か。		
226	羅剤に聖者吐息を守る。塔の元へ呼び声を住まう。借り。	羅刹に聖者吐息を守る。塔の元へ呼び声を住まう。借り。		
227	守護を浴気に強き従え。原始にて平らか焼か。	守護を冷気に強き従え。原始にて平らか焼か。		
228	羅剤に聖戦に震えと守る。沈黙の暴威を呼び声を住まう。切り刻め。	羅刹に聖戦に震えと守る。沈黙の暴威を呼び声を住まう。切り刻め。		
229	心眼を浴気に書属吹飛べ。原理を帝の振るわ。	心眼を冷気に眷属吹き飛べ。原理を帝の振るわ。		
230	誘いより浜気に書属振るう。原理を帝王守る。	誘いより冷気に眷属振るう。原理を帝王守る。		
231	内臓に浴気に強き在ら。原始にて帝王響き。	内臓に冷気に強き在ら。原始にて帝王響き。		
232	閤に河気に室属飢え。原始にて帝の見失っ。	闇に冷気に眷属飢え。原始にて帝の見失っ。		
233	調伏泥気に強欲の遂げる。掲げ。	調伏冷気に強欲の遂げる。掲げ。		
234	羅刹に聖戦に自身なり過き去り。焼き。	羅刹に聖戦に自身なり過ぎ去り。焼き。		
235	罹剛に烙印を吐息の守る。塔と源よ呼び声の住まう。従え。	羅刹に烙印を吐息の守る。塔と源よ呼び声の住まう。従え。		
236	彫は祝福で微笑宿す。囚われ。	影は祝福で微笑宿す。囚われ。		
237	姐祖の浴気に室属悟れ。原始の帝王震えろ。	始祖の冷気に眷属悟れ。原始の帝王震えろ。		
238	羅剤に聖戦にの帰ら。唱える。	羅刹に聖戦に己の帰ら。唱える。		
239	罹剤に聖者以下守る。塔の鎖を呼び声を呼び覚まさ。呪わ。	羅刹に聖者以下守る。塔の鎧を呼び声を呼び覚まさ。呪わ。		
240	羅剤に聖者震えと招か。原始の帝の生まれ。	羅刹に聖者震えと招か。原始の帝の生まれ。		
241	羅剤に聖者刀刻に守る。塔の糧と呼び声の呼び覚まさ。消え去ら。	羅刹に聖者刀剣に守る。塔の糧と呼び声の呼び覚まさ。消え去ら。		
242	羅の烙印狂乱の守る。塔の源の呼び声の住まう。集い。	羅の烙印を狂乱の守る。塔の源の呼び声の住まう。集い。		
243	法を法気に張欲の冠す。吹き飛べ。	法を冷気に強欲の冠す。吹き飛べ。		
244	法衣を浴気に客属焼き。原理を帝の居り。	法衣を冷気に眷属焼き。原理を帝の居り。		
245	羅剤に聖者抱損を守る。塔と者共呼吸住まう。借り。	羅刹に聖者抱擁を守る。塔と者共呼吸住まう。借り。		
246	記憶の浴気に強欲の歌い。原理を苑の研き澄ませ。	記憶の冷気に強欲の歌い。原理を帝の研ぎ澄ませ。		
247	貫欲雲海征笑仕える。集え。	貪欲雲海微笑仕える。集え。		
248	羅剤に聖戦に破滅を守る。塔の微塵の呼び声の任まう。槻たわる。	羅刹に聖戦に破滅を守る。塔の微塵の呼び声の住まう。横たわる。		
249	羅剤に烙印を最終守る。塔と疾風の呼君住まう。交わる。	羅刹に烙印を最終守る。塔と疾風の呼吸住まう。交わる。		
250	羅剤に聖戦に極限の守る。塔の霊魄を呼び声の任まう。震わせよ。	羅刹に聖戦に極限の守る。塔の霊魂を呼び声の住まう。震わせよ。		
251	罷利に聖者慰怒と守る。塔と費に帰り。	羅刹に聖者憤怒と守る。塔と贄に帰り。		
252	羅剤に聖戦に刀剣は拒ま。原理を平らか許さ。	羅刹に聖戦に刀剣は拒ま。原理を平らか許さ。		
253	羅剤に聖者破壊の守る。塔と源よ呼び声の住まう。為り。	羅刹に聖者破壊の守る。塔と源よ呼び声の住まう。為り。		
254	契約に従い風が微塵の宮す。失え。	契約に従い風が微塵の宿す。失え。		
255	羅の烙印慢怒に守る。沈み刻印よ呼び戻し。	羅の烙印を憤怒に守る。沈み刻印よ呼び戻し。		
256	羽に慈愚微慰の仕える。集え。	羽に慈愛微塵の仕える。集え。		
257	泥砂の浴気に書属昇ら。振るわ。	泥砂の冷気に眷属昇ら。振るわ。		
258	深淵へ濡よ詠じる。	深淵へ濤よ詠じる。		
259	羅剤に聖戦に大地に恭み。刻ま。	羅刹に聖戦に大地に恵み。刻ま。		
260	羅剤に烙印を遂に妄ねよ。原始にて帝王持て。	羅刹に烙印を達に委ねよ。原始にて帝王持て。		
261	使いを浴気に室属歌い。原理を帝の駆り①てる。	使いを冷気に眷属歌い。原理を帝の駆り立てる。		
262	羅剤に聖戦に檻にて失え。原始の帖玩振るわ。	羅刹に聖戦に檻にて失え。原始の帝王振るわ。		
263	羅剤に聖者幻と守る。沈黙の使いを振り。	羅刹に聖者幻と守る。沈黙の使いを振り。		
264	羅剤に聖戦に原始の守る。沈黙の霊威を呼び声の住まう。住まう。	羅刹に聖戦に原始の守る。沈黙の霊威を呼び声の住まう。住まう。		
265	羅の烙印を慢怒と守る。沈み刻印よ呼び戻し。	羅の烙印を憤怒と守る。沈み刻印よ呼び戻し。		
266	羅剤に聖者脈属守る。塔の鎮と呼吸住まう。振り。	羅刹に聖者眷属守る。塔の鎧と呼吸住まう。振り。		
267	羅剤に烙印をた力にて守る。塔の引導呼び声を住まう。傷つき。	羅刹に烙印を力にて守る。塔の引導呼び声を住まう。傷つき。		
268	羅剛に烙印力持て守る。塔と引きを呼び声を住まう。傷つき。	羅刹に烙印を力持て守る。塔と引きを呼び声を住まう。傷つき。		
269	霞えと柳術を微塵の宿す。取り除き。	震えと秘術を微塵の宿す。取り除き。		
270	而に浜気に書属示せ。持て。	血に冷気に眷属示せ。持て。		
271	羅剤に聖戦に王が守る。塔の姿が呼び声を住まう。喜い。	羅刹に聖戦に王が守る。塔の姿が呼び声を住まう。喰い。		
272	宴よ法気に室属引き裂か。原始にて帝王借り。	宴よ冷気に眷属引き裂か。原始にて帝王借り。		
273	羅剤に聖戦に憤怒に守る。塔と費に帰り。	羅刹に聖戦に憤怒に守る。塔と贄に帰り。		
274	主の涌気に室属座する。呼び戻せ。	王の冷気に眷属座する。呼び戻せ。		
275	息吹を浴気に客属取り戻さ。映し。	息吹を冷気に眷属取り戻さ。映し。		
276	羅の聖者破邪の守る。塔と昔こそ傾け。	羅の聖者破邪の守る。塔と音こそ傾け。		
277	慈悲の浴気に書属語れ。原始にて帝の示さ。	慈悲の冷気に眷属語れ。原始にて帝の示さ。		
278	羅の聖戦に患恨の守る。沈み煉獄の駆け抜ける。	羅の聖戦に怨恨の守る。沈み煉獄の駆け抜ける。		
279	羅剤に聖戦に断罪の守る。塔と幻と呼君呼び覚まざ。刻み込め。	羅刹に聖戦に断罪の守る。塔と幻と呼吸呼び覚まさ。刻み込め。		
280	罹剤に聖者恐怖の横たわる。原始にて帝の戯れ。	羅刹に聖者恐怖の横たわる。原始にて帝の戯れ。		
281	罷剤に聖者不洞の震えろ。原始の苑の生まれ。	羅刹に聖者不浄の震えろ。原始の帝の生まれ。		
282	罷剤に聖者最終守る。塔の練達より解き放て。	羅刹に聖者最終守る。塔の練達より解き放て。		
283	記憶に浴気に客属抗え。原理を帝の育み。	記憶に冷気に眷属抗え。原理を帝の育み。		
284	閾に烈風を廻る。	闇に烈風を廻る。		
285	蟲の涌気に室属響く。敢らす。	蟲の冷気に眷属響く。散らす。		
286	怒りの裁きを微笑仕える。煙らす。	怒りの裁きを微笑仕える。照らす。		
287	羅剤に烙印を強き守る。塔と幻と応えよ。	羅刹に烙印を強き守る。塔と幻と応えよ。		
288	靄天動地の浜気に書属仰ぐ。原始の帝の賜ら。	震天動地の冷気に眷属仰ぐ。原始の帝の賜ら。		
289	鎮と法気に強欲の冠す。原理を帝王降らし。	鎧と冷気に強欲の冠す。原理を帝王降らし。		
290	鎮を法気に書属呼び戻せ。原始の帖玩授から。	鎧を冷気に眷属呼び戻せ。原始の帝王授から。		
291	而に浜気に強き現せ。原始にて平らか買け。	血に冷気に強き現せ。原始にて平らか貫け。		
292	羅刹に聖戦に威風守る。塔の難撃渦巻く。	羅刹に聖戦に威風守る。塔の爆撃渦巻く。		
293	守りの風に微笑付える。抗え。	守りの風に微笑仕える。抗え。		
294	羅剤に烙印を極徳守る。塔と影よ呼吸住まう。帰れ。	羅刹に烙印を極微守る。塔と影よ呼吸住まう。帰れ。		
295	羅の烙印を刀刻に守る。沈み具現は呼君住まう。掲け。	羅の烙印を刀剣に守る。沈み具現は呼吸住まう。掲げ。		
296	診いを浴気に書属緩め。引き裂か。	祓いを冷気に眷属緩め。引き裂か。		
297	羅剤に聖者煌々守る。沈黙の巳の呼び声の呼び覚まさ。刻み込め。	羅刹に聖者煌々守る。沈黙の己の呼び声の呼び覚まさ。刻み込め。		
298	羅の聖戦に巳の帰ら。唱える。	羅の聖戦に己の帰ら。唱える。		
299	羅の聖戦に巫女よ氷める。還る。	羅の聖戦に巫女よ求める。還る。		
300	風に河気に書属昇ら。映し。	風に冷気に眷属昇ら。映し。		
301	羅剤に聖者狂気と守る。塔と爆装呼吸住まう。消え去れ。	羅刹に聖者狂気と守る。塔と爆裂呼吸住まう。消え去れ。		
302	罹剤に聖者楓限の守る。塔の霊にて呼君住まう。震わせよ。	羅刹に聖者極限の守る。塔の霊にて呼吸住まう。震わせよ。		
303	記憶に浴気に強き歌い。原始の帝の研き澄ませ。	記憶に冷気に強き歌い。原始の帝の研ぎ澄ませ。		
304	羅剤に聖者条に呼び覚まさ。飢え。	羅刹に聖者条に呼び覚まさ。飢え。		
305	羅の聖者達の呼び覚ま。解き放ち。	羅の聖者達の呼び覚まさ。解き放ち。		
306	獣の浜気に強欲の宿す。起せ。	獣の冷気に強欲の宿す。起せ。		
307	而肉とともに浜気に書属つなき止める。光り。	血肉とともに冷気に眷属つなぎ止める。光り。		
308	爆裂泥気に室属掲げ。急ぐ。	爆裂冷気に眷属掲げ。急ぐ。		
309	誘いより浜気に書属振るう。原理を帝王守る。	誘いより冷気に眷属振るう。原理を帝王守る。		
310	羅の聖者張欲の看取る。拒ま。	羅の聖者強欲の看取る。拒ま。		
311	吐息なを手により降り注き。	吐息を手により降り注ぎ。		
312	恐吹の浴気に書属つなき止める。原始にて平行の光り。	息吹の冷気に眷属つなぎ止める。原始にて平行の光り。		
313	羅剤に聖戦に極光よ守る。沈黙の巳の呼び声を住まう。砕けよ。	羅刹に聖戦に極光よ守る。沈黙の己の呼び声を住まう。砕けよ。		
314	羅剤に聖者慰怒と震えろ。原始の苑の冠す。	羅刹に聖者憤怒と震えろ。原始の帝の冠す。		
315	蟲の静寄の微塵の宿す。見え。	蟲の静寂の微塵の宿す。見え。		
316	罹の烙印を刀に帰ら。成す。	羅の烙印を刀に帰ら。成す。		
317	扉よ法気に室属見よ。原始の帝王取り際き。	扉よ冷気に眷属見よ。原始の帝王取り除き。		
318	羅剤に聖者慰怒と刻み込め。行け。	羅刹に聖者憤怒と刻み込め。行け。		
319	真実は清紗休め。	真実は清純休め。		
320	極徳泥気に書属支え。原始の帝王司る。	極微冷気に眷属支え。原始の帝王司る。		
321	羅の聖者書属守る。塔の盤と呼び声の住まう。振り。	羅の聖者眷属守る。塔の鎧と呼び声の住まう。振り。		
322	貫欲雲海征慰の仕える。集え。	貪欲雲海微塵の仕える。集え。		
323	回廊に堅甲微慮の宿す。思い知れ。	回廊に堅甲微塵の宿す。思い知れ。		
324	羅剤に聖戦に関より守る。塔の戦渦と傾け。	羅刹に聖戦に闇より守る。塔の戦渦と傾け。		
325	羅の聖戦に永久と守る。塔と費を染めろ。	羅の聖戦に永久と守る。塔と贄を染めろ。		
326	羅剤に聖者巳が守る。塔の渦を願い。	羅刹に聖者己が守る。塔の渦を願い。		
327	鎮と河気に脈属赦し。原始の帝王降らし。	鎧と冷気に眷属赦し。原始の帝王降らし。		
328	羅の聖者断罪のトり。起せ。	羅の聖者断罪の下り。起せ。		
329	羅の聖者招撫の守る。塔の者の呼或住まう。借り。	羅の聖者抱擁の守る。塔の者の呼吸住まう。借り。		
330	心も涌気に誠属受ける。原理を帝王見失い。	心も冷気に眷属受ける。原理を帝王見失い。		
331	女の涌気に書属語れ。行け。	女の冷気に眷属語れ。行け。		
332	扉よ法気に室属買き。原始の帝の折れ。	扉よ冷気に眷属貫き。原始の帝の折れ。		
333	閤を法気に室属住まう。原理を帝王住む。	闇を冷気に眷属住まう。原理を帝王住む。		
334	羅の聖者力にて守る。沈み影は呼君住まう。消え去ら。	羅の聖者力にて守る。沈み影は呼吸住まう。消え去ら。		
335	羅剤に聖者不変休め。原始の平らか授かり。	羅刹に聖者不変休め。原始の平らか授かり。		
336	羅剛に烙印を幻と逆巻く。掲げ。	羅刹に烙印を幻と逆巻く。掲げ。		
337	刻と刀剣は征笑仕える。響き。	剣と刀剣は微笑仕える。響き。		
338	自由法気に室属住まう。原始の帝の取り除き。	自由冷気に眷属住まう。原始の帝の取り除き。		
339	羅剤に聖戦に契約よ守る。塔と原始の呼君住まう。持っ。	羅刹に聖戦に契約よ守る。塔と原始の呼吸住まう。持っ。		
340	而肉とともに風が微笑仕える。従い。	血肉とともに風が微笑仕える。従い。		
341	而を浜気に書属示せ。持て。	血を冷気に眷属示せ。持て。		
342	契約に徒い柱で微笑仕える。果たせ。	契約に従い枷で微笑仕える。果たせ。		
343	羅剤に聖者鎖を守る。沈み刻印を呼び声の住まう。持て。	羅刹に聖者鎧を守る。沈み刻印を呼び声の住まう。持て。		
344	羅の聖者戒めを生み出す。原始の苑の住む。	羅の聖者戒めを生み出す。原始の帝の住む。		
345	野卑河気に室属現せ。原理を平穏の居り。	野卑冷気に眷属現せ。原理を平穏の居り。		
346	羅剤に烙印龍神の守る。塔と鶴と呼び声を住まう。授かり。	羅刹に烙印を龍神の守る。塔と鎧と呼び声を住まう。授かり。		
347	宴よ心は尽きる。	宴よ心ば尽きる。		
348	障壁は浴気に客属緩め。原始の平らか焼き。	障壁は冷気に眷属緩め。原始の平らか焼き。		
349	羅の聖戦に永久を覚まし。原妹の平行の覚まし。	羅の聖戦に永久を覚まし。原始の平行の覚まし。		
350	羅剤に聖者目身なり守る。塔の魏旋の傾け。	羅刹に聖者自身なり守る。塔の螺旋の傾け。		
351	羅剤に烙印を古今散る。原始の帝王示せ。	羅刹に烙印を古今散る。原始の帝王示せ。		
352	羅剤に聖戦に極徐守る。塔の圧倒呼び声の住まう。販き。	羅刹に聖戦に極微守る。塔の圧倒呼び声の住まう。貫き。		
353	主の涌気に強き遂ける。原始にて帝の患い。	王の冷気に強き遂げる。原始にて帝の患い。		
354	羅刹に聖者烈風を守る。塔の六道響ぐ。	羅刹に聖者烈風を守る。塔の六道響く。		
355	羅剤に聖者回座へ守る。塔の風に呼び声の住まう。叶わ。	羅刹に聖者回廊へ守る。塔の風に呼び声の住まう。叶わ。		
356	羅刹に聖者障害を如ねる。遂げる。	羅刹に聖者障害を委ねる。遂げる。		
357	羅剛に烙印を狂乱の傾け。原始にて帝の起とし。	羅刹に烙印を狂乱の傾け。原始にて帝の起こし。		
358	女の涌気に張欲の在ら。原始にて帝玩休め。	女の冷気に強欲の在ら。原始にて帝王休め。		
359	羅剤に烙印契約により守る。沈黙の魂よ呼君住まう。乗り。	羅刹に烙印を契約により守る。沈黙の魂よ呼吸住まう。乗り。		
360	羅剤に烙印を書属曲げ。現れよ。	羅刹に烙印を眷属曲げ。現れよ。		
361	羅剤に烙印龍神の覚まし。傷つき。	羅刹に烙印を龍神の覚まし。傷つき。		
362	恐吹を浴気に強欧の座する。開け。	息吹を冷気に強欲の座する。開け。		
363	蟲の涌気に室属店する。原始の帝の見失っ。	蟲の冷気に眷属座する。原始の帝の見失っ。		
364	調伏泥気に室属住まい。原理を平らか居り。	調伏冷気に眷属住まい。原理を平らか居り。		
365	烙印を浴気に室属守り。原理を帝の触き放た。	烙印を冷気に眷属守り。原理を帝の解き放た。		
366	羅の聖者巳の求める。原始の帝王居り。	羅の聖者己の求める。原始の帝王居り。		
367	法衣を浴気に室属住む。唱える。	法衣を冷気に眷属住む。唱える。		
368	羅の聖戦に狂乱の逆巻く。原始の苑の宿す。	羅の聖戦に狂乱の逆巻く。原始の帝の宿す。		
369	羅剤に聖戦に回廊に降り注け。原理を帝の示せ。	羅刹に聖戦に回廊に降り注げ。原理を帝の示せ。		
370	羅の聖戦に前の守る。沈み電へ呼び声の任まう。トり。	羅の聖戦に前の守る。沈み霊へ呼び声の住まう。下り。		
371	守護なを裁きの微笑仕える。響き。	守護を裁きの微笑仕える。響き。		
372	羅剤に烙印を幻を貫け。原始にて平行の焼き。	羅刹に烙印を幻を貫け。原始にて平行の焼き。		
373	謙と法気に室属信し。原始にて帝王賜ら。	竜と冷気に眷属宿し。原始にて帝王賜ら。		
374	貫欲河気に室属赦し。原始にて帝の宮す。	貪欲冷気に眷属赦し。原始にて帝の宿す。		
375	羅の烙印を古今降り注け。過き行く。	羅の烙印を古今降り注げ。過ぎ行く。		
376	呑撃河気に室属終わり。原始にて帝王刻む。	咬撃冷気に眷属終わり。原始にて帝王刻む。		
377	羅の聖戦に以て守る。塔と費を救い出せ。	羅の聖戦に以て守る。塔と贄を救い出せ。		
378	灰膜と浴気に客属抗え。原理を帝の振るわ。	灰塵と冷気に眷属抗え。原理を帝の振るわ。		
379	罹の聖者天魔守る。塔の源よ呼び声を呼び覚まさ。現れよ。	羅の聖者天魔守る。塔の源よ呼び声を呼び覚まさ。現れよ。		
380	羅剤に烙印を秘術を守る。塔と今一呼び声を呼び覚まさ。授かり。	羅刹に烙印を秘術を守る。塔と今一呼び声を呼び覚まさ。授かり。		
381	法の涌気に張欲の冠す。吹き飛べ。	法の冷気に強欲の冠す。吹き飛べ。		
382	礼賛法気に室属廻る。原始の帝の光らせ。	礼賛冷気に眷属廻る。原始の帝の光らせ。		
383	氷の入相の鐙の征慰の宮す。終わり。	氷の入相の鐘の微塵の宿す。終わり。		
384	羅の聖戦に輝きと過き去り。許し。	羅の聖戦に輝きと過ぎ去り。許し。		
385	羅剤に聖戦に戒めに守る。塔と楔を呼び声の住まう。沿める。	羅刹に聖戦に戒めに守る。塔と楔を呼び声の住まう。治める。		
386	守護を浴気に客属許し。原理を帝の住む。	守護を冷気に眷属許し。原理を帝の住む。		
387	羅刹に聖戦に鎮を為り。原理を平穏の守る。	羅刹に聖戦に鎧を為り。原理を平穏の守る。		
388	羅の烙印を道に斬る。原理を帝の焼か。	羅の烙印を達に斬る。原理を帝の焼か。		
389	羅剤に聖者戒めから守る。塔の幽玄の呼び声を住まう。振り。	羅刹に聖者戒めから守る。塔の幽玄の呼び声を住まう。振り。		
390	羅の聖戦に巳が成せ。解き放ち。	羅の聖戦に己が成せ。解き放ち。		
391	爆裂法気に室属住まう。原理を帝王終わり。	爆裂冷気に眷属住まう。原理を帝王終わり。		
392	羅剤に聖戦に記憶に響き。原始の帝玩居り。	羅刹に聖戦に記憶に響き。原始の帝王居り。		
393	羅の聖戦に底を歌え。原理を平行の貴け。	羅の聖戦に底を歌え。原理を平行の貫け。		
394	羅剤に聖者削途を守る。塔と音の呼び声の住まう。為り。	羅刹に聖者前途を守る。塔と音の呼び声の住まう。為り。		
395	地上の浴気に書属還せ。飢え。	地上の冷気に眷属還せ。飢え。		
396	氷の涌気に室属繰り。原始の帝の尽くさ。	氷の冷気に眷属繰り。原始の帝の尽くさ。		
397	羅剤に聖者姿を妄ねよ。原理を帝の生まれ。	羅刹に聖者姿を委ねよ。原理を帝の生まれ。		
398	羅剤に聖者灼熟と守る。塔の張き呼び声を住まう。語れ。	羅刹に聖者灼熱と守る。塔の強き呼び声を住まう。語れ。		
399	羅の聖戦に雷電よ守る。塔の暴威を火煌り。	羅の聖戦に雷電よ守る。塔の暴威を火照り。		
400	羅の烙印を龍と守る。塔の費を呼び声を住まう。叶わ。	羅の烙印を龍と守る。塔の贄を呼び声を住まう。叶わ。		
401	羅剤に聖者永久に守る。塔と費に染めろ。	羅刹に聖者永久に守る。塔と贄に染めろ。		
402	風が法気に室属淡めん。横たわる。	風が冷気に眷属清めん。横たわる。		
403	合撃星より化し。	咬撃星より化し。		
404	羅の聖戦に宴の守る。塔の強欲の岳吸住まう。結び。	羅の聖戦に宴の守る。塔の強欲の呼吸住まう。結び。		
405	羅剤に聖戦に遂に駆け抜ける。つなき止める。	羅刹に聖戦に達に駆け抜ける。つなぎ止める。		
406	羅の聖者狭間の敦る。原理を平らか戯れ。	羅の聖者狭間の散る。原理を平らか戯れ。		
407	羅刹に聖戦に閣へ響き。持て。	羅刹に聖戦に闇へ響き。持て。		
408	深淵へ旅人よ氷める。	深淵へ旅人よ求める。		
409	閤を調べを征笑宿す。宿り。	闇を調べを微笑宿す。宿り。		
410	羅剤に烙印を以て響き。刻ま。	羅刹に烙印を以て響き。刻ま。		
411	靄太動地の浜気に書属呼び戻せ。原始の帝玩呼び戻せ。	震天動地の冷気に眷属呼び戻せ。原始の帝王呼び戻せ。		
412	罹の聖者契約に従い守る。塔と蟲の呼び声を住まう。掲げ。	羅の聖者契約に従い守る。塔と蟲の呼び声を住まう。掲げ。		
413	詞いを浴気に書属現せ。原始の平らか焼き。	祓いを冷気に眷属現せ。原始の平らか焼き。		
414	烙印を浴気に書属赦し。救わ。	烙印を冷気に眷属赦し。救わ。		
415	羅剤に烙印を幻を逆巻く。掲げ。	羅刹に烙印を幻を逆巻く。掲げ。		
416	羅の烙印を強欲の守る。塔と巳の呼び声の住まう。消え去れ。	羅の烙印を強欲の守る。塔と己の呼び声の住まう。消え去れ。		
417	羅剛に烙印を達に下り。原始にて帝玩許し。	羅刹に烙印を達に下り。原始にて帝王許し。		
418	爆炎河気に室属響け。呼び戻せ。	爆炎冷気に眷属響け。呼び戻せ。		
419	羅剤に聖戦に底を開か。原理を帝王取り除き。	羅刹に聖戦に底を開か。原理を帝王取り除き。		
420	羅の烙印を刀刺は解き放た。祈る。	羅の烙印を刀剣は解き放た。祈る。		
421	羅刹に聖戦に風が守る。塔の練達より呼び声を住まっう。戯れ。	羅刹に聖戦に風が守る。塔の練達より呼び声を住まう。戯れ。		
422	灰慮と骸の微笑宿す。悟れ。	灰塵と骸の微笑宿す。悟れ。		
423	罷利に聖者鎖と守る。塔の雲淑妄ねる。	羅刹に聖者鎧と守る。塔の雲海委ねる。		
424	蹊を手より征慶の宿す。裁け。	鎧を手より微塵の宿す。裁け。		
425	羅の聖者集結守る。塔の暗閤の呼び声を住まっう。戯れ。	羅の聖者集結守る。塔の暗闇の呼び声を住まう。戯れ。		
426	妖綱の浴気に室属悟れ。朽ち果て。	妖精の冷気に眷属悟れ。朽ち果て。		
427	記憶の浴気に強欲の歌い。原理を帝玩研き澄ませ。	記憶の冷気に強欲の歌い。原理を帝王研ぎ澄ませ。		
428	羅剤に烙印強欲の守る。沈み暴風過き行く。	羅刹に烙印を強欲の守る。沈み暴風過ぎ行く。		
429	羅の烙印を刀刻に守る。塔と殲浪の滑巻く。	羅の烙印を刀剣に守る。塔と殲滅の渦巻く。		
430	羅剤に聖者抱摩の和れ。吹き飛べ。	羅刹に聖者抱擁の踊れ。吹き飛べ。		
431	罹剤に聖戦に枯意守る。塔の霊威を呼吾住まう。震わせよ。	羅刹に聖戦に極意守る。塔の霊威を呼吸住まう。震わせよ。		
432	風は快方の微慮の仕える。支え。	風ば快方の微塵の仕える。支え。		
433	礼賛法気に室属染めろ。原理を平穏の見失い。	礼賛冷気に眷属染めろ。原理を平穏の見失い。		
434	調べな浴気に強欧の荒ぶ。原始の平穏の覚まし。	調べを冷気に強欲の荒ぶ。原始の平穏の覚まし。		
435	姐まりの翼よ徳笑宿す。抗え。	始まりの翼よ微笑宿す。抗え。		
436	羅剤に聖戦に旅路の守る。沈み原始の取り巻く。	羅刹に聖戦に旅路の守る。沈み原始の取り巻く。		
437	旅路の浴気に書属現せ。降らす。	旅路の冷気に眷属現せ。降らす。		
438	せ色の極光よ帰り。	七色の極光よ帰り。		
439	業を法気に室属持つ。原姐にて帝の焼き。	業を冷気に眷属持つ。原始にて帝の焼き。		
440	羅の烙印を狂乱の守る。塔の滑を呼び声を呼び覚まさ。刻み込め。	羅の烙印を狂乱の守る。塔の渦を呼び声を呼び覚まさ。刻み込め。		
441	羅剤に聖者哀撃震えろ。原始にて帝玩化し。	羅刹に聖者咬撃震えろ。原始にて帝王化し。		
442	羅剛に烙印を以下守る。塔の戦渦と叶わ。	羅刹に烙印を以下守る。塔の戦渦と叶わ。		
443	羅の聖戦に檻よ守る。塔の魅に呼び戻し。	羅の聖戦に檻よ守る。塔の魂に呼び戻し。		
444	罹の聖戦に宴の守る。沈み刻印を呼吸呼び覚まさ。交わる。	羅の聖戦に宴の守る。沈み刻印を呼吸呼び覚まさ。交わる。		
445	記憶の吐息を徳笑宿す。受けよ。	記憶の吐息を微笑宿す。受けよ。		
446	蓋の理性を微塵の宿す。見よ。	竜の理性を微塵の宿す。見よ。		
447	羅の烙印書属守る。塔と旋律を呼吸住まう。呪う。	羅の烙印を眷属守る。塔と旋律を呼吸住まう。呪う。		
448	風は法気に室属終わり。救わ。	風ば冷気に眷属終わり。救わ。		
449	羅剤に聖戦に巫女よ守る。塔と古の逆巻く。	羅刹に聖戦に巫女よ守る。塔と古の逆巻く。		
450	回廊へ神聖微慮の仕える。休め。	回廊へ神聖微塵の仕える。休め。		
451	羅剤に烙印狂気と貴け。原理を荊の駆り①てる。	羅刹に烙印を狂気と貫け。原理を帝の駆り立てる。		
452	羅剤に聖戦に削の守る。沈み霊にて呼君住まう。トり。	羅刹に聖戦に前の守る。沈み霊にて呼吸住まう。下り。		
453	羅剤に聖者風は朽ち果て。原理を苑の化し。	羅刹に聖者風ば朽ち果て。原理を帝の化し。		
454	罹の烙印を力にて守る。塔と大地に呼君住まう。刻み込め。	羅の烙印を力にて守る。塔と大地に呼吸住まう。刻み込め。		
455	羅剤に聖者威厳を喰らい。原始の帝王駆り①てる。	羅刹に聖者威厳を喰らい。原始の帝王駆り立てる。		
456	羅剤に聖戦に最果ての散る。飢え。	羅刹に聖戦に最果ての散る。飢え。		
457	魂よ法気に書属繰り。祈る。	魂よ冷気に眷属繰り。祈る。		
458	羅の聖者神に守る。沈み平行の呼君住まう。呪わ。	羅の聖者神に守る。沈み平行の呼吸住まう。呪わ。		
459	巫女よ永遠の微竿宿す。振るう。	巫女よ永遠の微笑宿す。振るう。		
460	泥砂の浴気に書属清めん。許し。	泥砂の冷気に眷属清めん。許し。		
461	羅刹に聖者咬撃守る。沈黙の征慰の散れ。	羅刹に聖者咬撃守る。沈黙の微塵の散れ。		
462	羅の聖戦に強欲の如ねる。槇たわる。	羅の聖戦に強欲の委ねる。横たわる。		
463	而の涌気に書属つなき止める。光り。	血の冷気に眷属つなぎ止める。光り。		
464	羅の聖戦に慢怒に守る。塔と輝きよ失わ。	羅の聖戦に憤怒に守る。塔と輝きよ失わ。		
465	業火よ浴気に客属終わり。原理を帝玩降らし。	業火よ冷気に眷属終わり。原理を帝王降らし。		
466	羅の烙印慢怒と過き去り。原始にて帝王化せ。	羅の烙印を憤怒と過ぎ去り。原始にて帝王化せ。		
467	羅剤に烙印を書属守る。沈黙の音こそ呼吸呼び覚まさ。住まい。	羅刹に烙印を眷属守る。沈黙の音こそ呼吸呼び覚まさ。住まい。		
468	以下浜気に書属救え。還る。	以下冷気に眷属救え。還る。		
469	羅剤に聖者脈属起せ。原始の帝の呼ぶ。	羅刹に聖者眷属起せ。原始の帝の呼ぶ。		
470	閣へ調停征笑宿す。宿り。	闇へ調停微笑宿す。宿り。		
471	底より鉄爪で降れ。	底より鉤爪で降れ。		
472	幽鬼堅甲微慰の仕える。果たせ。	幽鬼堅甲微塵の仕える。果たせ。		
473	羅剤に聖戦に猛威よ具現化せよ。讃え。	羅刹に聖戦に猛威よ具現化せよ。讃え。		
474	清殺法気に室属見失い。原始の帝王生み出す。	清盛冷気に眷属見失い。原始の帝王生み出す。		
475	罷剤に聖者幻を休め。原始にて平穏の見失い。	羅刹に聖者幻を休め。原始にて平穏の見失い。		
476	羅剤に烙印を古の守る。塔の霊へ染めろ。	羅刹に烙印を古の守る。塔の霊へ染めろ。		
477	羅の聖者前迭を守る。塔の願は取り巻く。	羅の聖者前途を守る。塔の願ば取り巻く。		
478	羅剤に聖者欠路の詠じる。原始の帝王呼ぶ。	羅刹に聖者旅路の詠じる。原始の帝王呼ぶ。		
479	羅剛に烙印を石の守る。沈黙の内臓に求める。	羅刹に烙印を石の守る。沈黙の内臓に求める。		
480	喪約に従い永久と微笑宿す。震わせよ。	盟約に従い永久と微笑宿す。震わせよ。		
481	羅剤に聖戦に檻よ守る。沈黙の原始にて呼び声の住まう。消えよ。	羅刹に聖戦に檻よ守る。沈黙の原始にて呼び声の住まう。消えよ。		
482	地獄へ浴気に客属還せ。飢え。	地獄へ冷気に眷属還せ。飢え。		
483	羅剤に聖者破溶を歌え。原始にて帝の守る。	羅刹に聖者破滅を歌え。原始にて帝の守る。		
484	巫女よ浴気に室属還せ。原始の平行の住み。	巫女よ冷気に眷属還せ。原始の平行の住み。		
485	鎮と河気に脈属赦し。原始の帝王降らし。	鎧と冷気に眷属赦し。原始の帝王降らし。		
486	貫欲泥気に強欲の集い。唱える。	貪欲冷気に強欲の集い。唱える。		
487	光の入滅後笑宿す。成り。	七光の入滅微笑宿す。成り。		
488	内臓に惹敵微塵の宿す。招き。	内臓に怨敵微塵の宿す。招き。		
489	羅剤に烙印を秘術を帰ら。光らせ。	羅刹に烙印を秘術を帰ら。光らせ。		
490	羅剤に聖者目身なり光り。光り。	羅刹に聖者自身なり光り。光り。		
491	羅の聖戦に破溶を守る。沈み帝の降らす。	羅の聖戦に破滅を守る。沈み帝の降らす。		
492	法を法気に室属歌い。解き放ち。	法を冷気に眷属歌い。解き放ち。		
493	羅の聖者巳の求める。原始の帝王居り。	羅の聖者己の求める。原始の帝王居り。		
494	罹剤に聖者圧殺守る。塔の以下呼び声を住まう。消え去ら。	羅刹に聖者圧殺守る。塔の以下呼び声を住まう。消え去ら。		
495	羅の聖戦に慢怒に守る。沈黙の微塵の呼び声の住まう。呪わ。	羅の聖戦に憤怒に守る。沈黙の微塵の呼び声の住まう。呪わ。		
496	羅の烙印を最終許さ。妄ねよ。	羅の烙印を最終許さ。委ねよ。		
497	泥砂に浴気に客属昇ら。振るわ。	泥砂に冷気に眷属昇ら。振るわ。		
498	羅剤に聖戦に永久と照らし。還る。	羅刹に聖戦に永久と照らし。還る。		
499	罹の聖戦に不穏の守る。沈み雲壊を呼君住まう。澄み渡り。	羅の聖戦に不穏の守る。沈み雲壌を呼吸住まう。澄み渡り。		
500	羅の聖者担撫の傾け。原始の帝の焼き。	羅の聖者抱擁の傾け。原始の帝の焼き。		
501	羅剤に烙印を古の守る。塔と圧倒呼吸呼び覚まさ。呼び戻す。	羅刹に烙印を古の守る。塔と圧倒呼吸呼び覚まさ。呼び戻す。		
502	羅の烙印狂乱の守る。塔と源の呼び声の住まう。集い。	羅の烙印を狂乱の守る。塔と源の呼び声の住まう。集い。		
503	羅の聖者猛毒の紡け。讃え。	羅の聖者猛毒の紡げ。讃え。		
504	羅の聖戦に回廃へ守る。沈黙の幽鬼呼び声の住まう。授かり。	羅の聖戦に回廊へ守る。沈黙の幽鬼呼び声の住まう。授かり。		
505	罹の聖戦に神聖開く。繰り。	羅の聖戦に神聖開く。繰り。		
506	羅剤に聖戦に巫女よ守る。塔の願ば呼び戻し。	羅刹に聖戦に巫女よ守る。塔の願ば呼び戻し。		
507	羅の聖戦に狭間の震わせよ。如ねよ。	羅の聖戦に狭間の震わせよ。委ねよ。		
508	羅の聖戦に威数を守る。塔と爆炎渦巻く。	羅の聖戦に威厳を守る。塔と爆炎渦巻く。		
509	使荻を慈悲の微塵の宿す。呼べ。	使命を慈悲の微塵の宿す。呼べ。		
510	羅の聖者大地と買け。降らす。	羅の聖者大地と貫け。降らす。		
511	幽玄の浴気に書属買き。遂ける。	幽玄の冷気に眷属貫き。遂げる。		
512	烙印を浴気に書属赦し。救わ。	烙印を冷気に眷属赦し。救わ。		
513	羅刹に聖者樺にて守る。塔の六道呼び声の住まう。叶わ。	羅刹に聖者檻にて守る。塔の六道呼び声の住まう。叶わ。		
514	爆撃河気に強欲の呼び戻せ。急ぐ。	爆撃冷気に強欲の呼び戻せ。急ぐ。		
515	羅剤に聖者断罪の起せ。朽ち果て。	羅刹に聖者断罪の起せ。朽ち果て。		
516	羅の烙印を古今守る。塔と森羅万象の呼吸住まう。澄み滞る。	羅の烙印を古今守る。塔と森羅万象の呼吸住まう。澄み渡る。		
517	誘愉の天空の詠じる。	誘惑の天空の詠じる。		
518	診いを浴気に書属見失い。廻る。	祓いを冷気に眷属見失い。廻る。		
519	而を出雲の神の許し。	血を出雲の神の許し。		
520	謙より貫欲駆け回り。	竜より貪欲駆け回り。		
521	羅剤に聖者幻と守る。沈み使いを振り。	羅刹に聖者幻と守る。沈み使いを振り。		
522	妖綱の刻の繰り。	妖精の剣の繰り。		
523	而を浜気に張欲の現せ。原理を平穏の貫け。	血を冷気に強欲の現せ。原理を平穏の貫け。		
524	姐祖の鎮と宿り。	始祖の鎧と宿り。		
525	貫欲泥気に脈属現れよ。唱える。	貪欲冷気に眷属現れよ。唱える。		
526	謙王よ吐息を徳笑宿す。取り除き。	竜王よ吐息を微笑宿す。取り除き。		
527	羅剤に聖戦に不浄の抗う。原始の荒玩解き放た。	羅刹に聖戦に不浄の抗う。原始の帝王解き放た。		
528	羅の聖戦に輝きに守る。塔の暴裂呼吸住まう。朽ち果て。	羅の聖戦に輝きに守る。塔の爆裂呼吸住まう。朽ち果て。		
529	嘆約の悠久の在ら。	盟約の悠久の在ら。		
530	羅の聖戦に抱摩の守る。塔と者共呼び声を住まう。借り。	羅の聖戦に抱擁の守る。塔と者共呼び声を住まう。借り。		
531	羅の聖者古今守る。沈み幽玄の呼君住まう。帰れ。	羅の聖者古今守る。沈み幽玄の呼吸住まう。帰れ。		
532	内臓に浴気に強欲の在ら。原始にて帝の響き。	内臓に冷気に強欲の在ら。原始にて帝の響き。		
533	診いを一片よ抗え。	祓いを一片よ抗え。		
534	貫欲邪を緩め。	貪欲邪を緩め。		
535	羅の聖者姿へ樟たわる。原始にて平らか焼か。	羅の聖者姿へ横たわる。原始にて平らか焼か。		
536	灰塵へ惹遠を額づく。	灰塵へ悠遠を額づく。		
537	羅の聖戦に威数を守る。塔と黄明より解き放て。	羅の聖戦に威厳を守る。塔と黄昏より解き放て。		
538	羅の烙印を幻を恭み。廻る。	羅の烙印を幻を恵み。廻る。		
539	霞えと浪気に強欲の急ぐ。生み出さ。	震えと冷気に強欲の急ぐ。生み出さ。		
540	羅の聖戦に峙撃休め。原始の帝王股み。	羅の聖戦に咬撃休め。原始の帝王育み。		
541	羅の烙印を宴よトり。助け。	羅の烙印を宴よ下り。助け。		
542	羅の聖者以って守る。塔と鎮を呼吸呼び覚まさ。呪わ。	羅の聖者以って守る。塔と鎧を呼吸呼び覚まさ。呪わ。		
543	回廊に浴気に強欲の受ける。居り。	回廊に冷気に強欲の受ける。居り。		
544	吐息の堅牢微慮の宿す。従い。	吐息の堅牢微塵の宿す。従い。		
545	間を調べを征慶の宿す。宿り。	闇を調べを微塵の宿す。宿り。		
546	真実は浴気に客属許し。火照り。	真実は冷気に眷属許し。火照り。		
547	羅剤に聖者幻を守る。塔と爆撃呼び声の任まう。拒ま。	羅刹に聖者幻を守る。塔と爆撃呼び声の住まう。拒ま。		
548	罹剤に聖戦に古今守る。塔の練達より呼或住まう。交わる。	羅刹に聖戦に古今守る。塔の練達より呼吸住まう。交わる。		
549	使荻を浴気に書属死に。原始の平穏の化し。	使命を冷気に眷属死に。原始の平穏の化し。		
550	扉を法気に室属買き。原理を帝の折れ。	扉を冷気に眷属貫き。原理を帝の折れ。		
551	羅の聖者魔に守る。沈黙の昔こそ応えよ。	羅の聖者魔に守る。沈黙の音こそ応えよ。		
552	羅の聖戦に以て守る。沈黙の征笑開か。	羅の聖戦に以て守る。沈黙の微笑開か。		
553	羅の聖者原始の守る。沈み霊魂を呼吸住まう。任まう。	羅の聖者原始の守る。沈み霊魂を呼吸住まう。住まう。		
554	診いを浴気に書属見失い。廻る。	祓いを冷気に眷属見失い。廻る。		
555	女神の浴気に書属語れ。行け。	女神の冷気に眷属語れ。行け。		
556	羅剤に聖者恐怖とともに守る。沈み主の荒れ狂う。	羅刹に聖者恐怖とともに守る。沈み王の荒れ狂う。		
557	内臓に疾風の徳笑宿す。振り。	内臓に疾風の微笑宿す。振り。		
558	羅の聖戦に最終哭らい。為す。	羅の聖戦に最終喰らい。為す。		
559	羅の聖者雷電に守る。沈黙の焚獄の取り巻く。	羅の聖者雷電に守る。沈黙の煉獄の取り巻く。		
560	自住に旅路の徳笑宿す。降らせ。	自在に旅路の微笑宿す。降らせ。		
561	羅の聖者吐恩な守る。塔の煉獄と呼び声を住まう。切り裂く。	羅の聖者吐息を守る。塔の煉獄と呼び声を住まう。切り裂く。		
562	彌汲の浴気に室属失わ。極め。	殲滅の冷気に眷属失わ。極め。		
563	爆裂泥気に室属掲げ。急ぐ。	爆裂冷気に眷属掲げ。急ぐ。		
564	羅の聖者天理のトり。救わ。	羅の聖者天理の下り。救わ。		
565	吐息の浴気に客属買き。原始の帝王尽くさ。	吐息の冷気に眷属貫き。原始の帝王尽くさ。		
566	詞いを呪文を降らせ。	祓いを呪文を降らせ。		
567	せ色の浜気に強欲の急ぐ。仰ぐ。	七色の冷気に強欲の急ぐ。仰ぐ。		
568	妖綱に浴気に室属悟れ。朽ち果て。	妖精に冷気に眷属悟れ。朽ち果て。		
569	罹剤に聖者集結守る。塔の王が呼び声を住まう。至ら。	羅刹に聖者集結守る。塔の王が呼び声を住まう。至ら。		
570	罹剤に聖者回座へ守る。塔の音こそ呼君住まう。叶わ。	羅刹に聖者回廊へ守る。塔の音こそ呼吸住まう。叶わ。		
571	魂よ法気に室属取り戻さ。原始の帝王駆り①てる。	魂よ冷気に眷属取り戻さ。原始の帝王駆り立てる。		
572	羅剤に聖戦に条の解き放て。祈る。	羅刹に聖戦に条の解き放て。祈る。		
573	羅剤に聖戦に閤夜の守る。塔の戦渦と傾け。	羅刹に聖戦に闇夜の守る。塔の戦渦と傾け。		
574	自由冷気に室属住まう。原始にて帝の取り除き。	自由冷気に眷属住まう。原始にて帝の取り除き。		
575	息吹よ浴気に書属取り戻さ。映し。	息吹よ冷気に眷属取り戻さ。映し。		
576	罹剤に聖者古今守る。沈黙の幽冥に呼君住まう。帰れ。	羅刹に聖者古今守る。沈黙の幽冥に呼吸住まう。帰れ。		
577	羅剤に聖者幻と休め。原始にて平らか見失い。	羅刹に聖者幻と休め。原始にて平らか見失い。		
578	代て血よ過き行く。	以て血よ過ぎ行く。		
579	羅剤に聖戦に姿へ守る。塔と旋律を呼び声を呼び覚まさ。砕けよ。	羅刹に聖戦に姿へ守る。塔と旋律を呼び声を呼び覚まさ。砕けよ。		
580	回廊に浴気に強欲の受ける。居り。	回廊に冷気に強欲の受ける。居り。		
581	羅の聖者武よ守る。塔の疾走呼吸住まう。許さ。	羅の聖者煌よ守る。塔の疾走呼吸住まう。許さ。		
582	羅剤に烙印を輸きを降らす。繰り。	羅刹に烙印を輝きを降らす。繰り。		
583	羅の聖戦に回廃へ守る。塔と風が呼び声の住まう。叶わ。	羅の聖戦に回廊へ守る。塔と風が呼び声の住まう。叶わ。		
584	羅剤に聖者輝きを過き去り。許し。	羅刹に聖者輝きを過ぎ去り。許し。		
585	罹剤に聖戦に強き守る。沈黙の暴威を消え去れ。	羅刹に聖戦に強き守る。沈黙の暴威を消え去れ。		
586	羅剤に聖戦に神より開く。繰り。	羅刹に聖戦に神より開く。繰り。		
587	羅剤に聖者震天動地の求める。原始にて帝の焼き。	羅刹に聖者震天動地の求める。原始にて帝の焼き。		
588	羅の烙印秘術を守る。塔と殲河の祈る。	羅の烙印を秘術を守る。塔と殲滅の祈る。		
589	真実な清らか休め。	真実を清らか休め。		
590	羅剤に聖者巳が守る。沈み具足を治める。	羅刹に聖者己が守る。沈み具足を治める。		
591	羅剤に聖戦に破邪の傾け。原始の帝王取り除き。	羅刹に聖戦に破邪の傾け。原始の帝王取り除き。		
592	羅の聖戦に巳の守る。塔と渦よ願い。	羅の聖戦に己の守る。塔と渦よ願い。		
593	羅剤に聖戦にの映り。原始の帝王覚まし。	羅刹に聖戦に王の映り。原始の帝王覚まし。		
594	羅刹に聖戦に力よ守る。塔と主が拒ま。	羅刹に聖戦に力よ守る。塔と王が拒ま。		
595	羅剤に聖者集結守る。塔と王の呼び声の任まう。至ら。	羅刹に聖者集結守る。塔と王の呼び声の住まう。至ら。		
596	羅刹に聖者龍と覚まし。枯め。	羅刹に聖者龍と覚まし。極め。		
597	羅刹に聖戦に鎮を為り。原理を平穏の守る。	羅刹に聖戦に鎧を為り。原理を平穏の守る。		
598	羅剤に聖者欠路の借り。帰す。	羅刹に聖者旅路の借り。帰す。		
599	羅の聖戦に装きと販け。原始の平行の思い出せ。	羅の聖戦に裁きと貫け。原始の平行の思い出せ。		
600	羅の聖戦に王が守る。沈黙の焚獄の羽はたき。	羅の聖戦に王が守る。沈黙の煉獄の羽ばたき。		
601	障害を浴気に客属仕える。原理を苑の借り。	障害を冷気に眷属仕える。原理を帝の借り。		
602	羅剤に聖戦に灼熱と守る。沈黙の刻印を呼吸住まう。傷つき。	羅刹に聖戦に灼熱と守る。沈黙の刻印を呼吸住まう。傷つき。		
603	羅の聖戦に輝きに守る。塔の慶撃呼び声を住まう。朽ち果て。	羅の聖戦に輝きに守る。塔の爆撃呼び声を住まう。朽ち果て。		
604	女玩骸の枯め。	女王骸の極め。		
605	羅剤に烙印を最終喰らい。傾け。	羅刹に烙印を最終喰らい。傾け。		
606	罹剤に聖戦に宮の守る。塔の張餐の呼び声を住まう。結び。	羅刹に聖戦に宴の守る。塔の強欲の呼び声を住まう。結び。		
607	羅の烙印を以って守る。塔と微笑呼吸住まう。貴き。	羅の烙印を以って守る。塔と微笑呼吸住まう。貫き。		
608	慈悲ば呪縄は仕える。	慈悲ば呪縛は仕える。		
609	羅剤に聖戦に契約に従い守る。塔と引きを呼吾住まう。消え去ら。	羅刹に聖戦に契約に従い守る。塔と引きを呼吸住まう。消え去ら。		
610	罹剤に聖者神と開か。行け。	羅刹に聖者神と開か。行け。		
611	自住に浴気に室属唱える。原始にて平らか買け。	自在に冷気に眷属唱える。原始にて平らか貫け。		
612	妖綱の浴気に客属上げよ。原理を苑の呼び寄せ。	妖精の冷気に眷属上げよ。原理を帝の呼び寄せ。		
613	羅剤に聖戦に戒めから生み出す。原理を帝の住む。	羅刹に聖戦に戒めから生み出す。原理を帝の住む。		
614	羅の烙印慢怒に守る。沈み刻印よ呼び戻し。	羅の烙印を憤怒に守る。沈み刻印よ呼び戻し。		
615	慈惟は御名において徳慶の宿す。差す。	慈悲ば御名において微塵の宿す。差す。		
616	羅剤に聖者巳の成せ。解き放ち。	羅刹に聖者己の成せ。解き放ち。		
617	羅の聖者雷雲よ守る。塔の脈動呼君住まう。刻ま。	羅の聖者雷雲よ守る。塔の脈動呼吸住まう。刻ま。		
618	羅の烙印を道に妄ねよ。原始にて常の持て。	羅の烙印を達に委ねよ。原始にて帝の持て。		
619	罹剤に聖戦に電雲よ守る。沈み煉獣と取り巻く。	羅刹に聖戦に雷雲よ守る。沈み煉獄と取り巻く。		
620	罹剤に聖者魔法守る。塔の鎮を呼吸住まう。消え去れ。	羅刹に聖者魔法守る。塔の鎧を呼吸住まう。消え去れ。		
621	而よ涌気に強き現せ。原始にて平らか買け。	血よ冷気に強き現せ。原始にて平らか貫け。		
622	極限の浴気に客属丿え。原始にて帝玩司る。	極限の冷気に眷属支え。原始にて帝王司る。		
623	羅の烙印を宴よトり。助け。	羅の烙印を宴よ下り。助け。		
624	扉を法気に強き冠す。原始にて帝王戯れ。	扉を冷気に強き冠す。原始にて帝王戯れ。		
625	羅剤に聖戦に鎮と守る。塔の雲より妄ねる。	羅刹に聖戦に鎧と守る。塔の雲より委ねる。		
626	羅剤に聖者断紹守る。塔と加護を尽くす。	羅刹に聖者断絶守る。塔と加護を尽くす。		
627	隠堀は浴気に客属緩め。原始にて平らか焼き。	障壁は冷気に眷属緩め。原始にて平らか焼き。		
628	羅の聖者吐息のトり。原始にて帝の降らし。	羅の聖者吐息の下り。原始にて帝の降らし。		
629	守りの浴気に強き従え。原始にて平行の焼か。	守りの冷気に強き従え。原始にて平行の焼か。		
630	清浄を恩恨の徳笑宿す。集え。	清浄を怨恨の微笑宿す。集え。		
631	者共泥気に室属呼び戻せ。原始にて平らか終わり。	者共冷気に眷属呼び戻せ。原始にて平らか終わり。		
632	羅剤に烙印を宴よ起せ。生み出さ。	羅刹に烙印を宴よ起せ。生み出さ。		
633	羅剤に烙印を秘術の守る。塔と帝の振り。	羅刹に烙印を秘術の守る。塔と帝の振り。		
634	目を法気に室属淡めん。灰照り。	目を冷気に眷属清めん。火照り。		
635	心も涌気に書属受ける。原始にて帝玩見失い。	心も冷気に眷属受ける。原始にて帝王見失い。		
636	獣と河気に書属赦し。朽ち果て。	獣と冷気に眷属赦し。朽ち果て。		
637	羅剤に聖戦に貫欲守る。塔の大気より呼び声を呼び覚まさ。澄み渡り。	羅刹に聖戦に貪欲守る。塔の大気より呼び声を呼び覚まさ。澄み渡り。		
638	貫欲泥気に脈属現れよ。唱える。	貪欲冷気に眷属現れよ。唱える。		
639	羅の聖者担撫の歌え。吸き飛べ。	羅の聖者抱擁の歌え。吹き飛べ。		
640	羅の聖者武よ守る。塔と糧と呼び声を住まう。集い。	羅の聖者煌よ守る。塔と糧と呼び声を住まう。集い。		
641	羅の聖者恐敵呼ぶ。急ぐ。	羅の聖者怨敵呼ぶ。急ぐ。		
642	甑の浜気に書属系ぶ。為す。	獣の冷気に眷属荒ぶ。為す。		
643	羅剤に烙印を秘術の守る。塔と殲河の祈る。	羅刹に烙印を秘術の守る。塔と殲滅の祈る。		
644	罹利に聖者雷電の守る。塔と蟲の呼び声を呼び覚まさ。開く。	羅刹に聖者雷電の守る。塔と蟲の呼び声を呼び覚まさ。開く。		
645	羅剤に聖者力持て守る。塔の玩が拒ま。	羅刹に聖者力持て守る。塔の王が拒ま。		
646	罹剤に聖戦に慢怒に願い。原理を帝玩呼び戻せ。	羅刹に聖戦に憤怒に願い。原理を帝王呼び戻せ。		
647	羅剤に聖者間夜の響き。持て。	羅刹に聖者闇夜の響き。持て。		
648	羅の聖戦に抱滅を守る。塔と六道詠じる。	羅の聖戦に抱擁を守る。塔と六道詠じる。		
649	殲汲の舷の微笑宿す。恨み。	殲滅の骸の微笑宿す。恨み。		
650	霞太動地の万物に微塵の宿す。取り除き。	震天動地の万物に微塵の宿す。取り除き。		
651	罷剤に聖者震天動地の守る。塔の脈に振るう。	羅刹に聖者震天動地の守る。塔の脈に振るう。		
652	者共泥気に室属染めろ。原始にて帝玩震えろ。	者共冷気に眷属染めろ。原始にて帝王震えろ。		
653	罹剤に聖者吐息の守る。塔の黄吸の呼び声を住まう。輝ぐ。	羅刹に聖者吐息の守る。塔の黄泉の呼び声を住まう。輝く。		
654	影に浜気に書属引き裂か。原始にて帝の戯れ。	影に冷気に眷属引き裂か。原始にて帝の戯れ。		
655	獣の揺らき降り注き。	獣の揺らぎ降り注ぎ。		
656	羅の聖者魔の治める。原始にて帝の貴け。	羅の聖者魔の治める。原始にて帝の貫け。		
657	羅剤に烙印を吐息を守る。沈黙の原始にて呼び声を住まう。思い出せ。	羅刹に烙印を吐息を守る。沈黙の原始にて呼び声を住まう。思い出せ。		
658	影から浴気に書属照らす。帰す。	影から冷気に眷属照らす。帰す。		
659	鎮を世界と急ぐ。	鎧を世界と急ぐ。		
660	羅剤に聖戦に閤に降らせ。原始の平穏の貫け。	羅刹に聖戦に闇に降らせ。原始の平穏の貫け。		
661	者の涌気に室属染めろ。原始の帝の震えろ。	者の冷気に眷属染めろ。原始の帝の震えろ。		
662	②⑧④①④⑧①①⑨。	爆炎旅路の極め。		
663	始まりは河気に書属還せ。原始の帝王持て。	始まりは冷気に眷属還せ。原始の帝王持て。		
664	羅剤に聖者秘術を覚まし。原理を平らか思い出せ。	羅刹に聖者秘術を覚まし。原理を平らか思い出せ。		
665	忠女よ揺の微慮の宿す。呼び戻す。	巫女よ揺の微塵の宿す。呼び戻す。		
666	羅剤に聖者断紹守る。塔の影は現し。	羅刹に聖者断絶守る。塔の影は現し。		
667	姐まりは翼で微塵の宿す。抗え。	始まりは翼で微塵の宿す。抗え。		
668	代て血に過き行く。	以て血に過ぎ行く。		
669	蹊を手から征笑宿す。裁け。	鎧を手から微笑宿す。裁け。		
670	診いを呪縄は降らせ。	祓いを呪縛は降らせ。		
671	羅剤に聖戦に風は朽ち果て。原始の帝王化し。	羅刹に聖戦に風ば朽ち果て。原始の帝王化し。		
672	羅剤に聖戦に原始の守る。塔の古今呼び声を呼び覚まさ。消え去ら。	羅刹に聖戦に原始の守る。塔の古今呼び声を呼び覚まさ。消え去ら。		
673	羅の聖者原理を守る。沈黙の霊魂を呼吾住まう。住まう。	羅の聖者原理を守る。沈黙の霊魂を呼吸住まう。住まう。		
674	扉を影を征笑仕える。従い。	扉を影を微笑仕える。従い。		
675	診いを浴気に書属宿る。掲げ。	祓いを冷気に眷属宿る。掲げ。		
676	罷利に聖戦に自由守る。塔と輝きよ解き放ち。	羅刹に聖戦に自由守る。塔と輝きよ解き放ち。		
677	羅の聖者貫欲守る。沈み影は駆け抜ける。	羅の聖者貪欲守る。沈み影は駆け抜ける。		
678	罹の聖戦に檻よ守る。沈み原理を呼び声を住まう。消えよ。	羅の聖戦に檻よ守る。沈み原理を呼び声を住まう。消えよ。		
679	羅の聖者招推の守る。塔の者の呼び声を住まう。借り。	羅の聖者抱擁の守る。塔の者の呼び声を住まう。借り。		
680	羅の烙印を古今相取る。原始にて平行の覚まし。	羅の烙印を古今看取る。原始にて平行の覚まし。		
681	④①②①。	女の骸の極め。		
682	羅の聖者書属守る。塔の帝王呼吾住まう。澄み渡り。	羅の聖者眷属守る。塔の帝王呼吸住まう。澄み渡り。		
683	羅剤に聖戦に想敵映り。呼び戻せ。	羅刹に聖戦に怨敵映り。呼び戻せ。		
684	野望鬼神御慰の宮す。現せ。	野望鬼神微塵の宿す。現せ。		
685	者共泥気に書属仰ぐ。許し。	者共冷気に眷属仰ぐ。許し。		
686	泥砂の浴気に強き冠す。開か。	泥砂の冷気に強き冠す。開か。		
687	法衣を浴気に強欲の冠す。吹き飛べ。	法衣を冷気に強欲の冠す。吹き飛べ。		
688	女神の手足しか微慰の宮す。果たせ。	女神の手足しか微塵の宿す。果たせ。		
689	羅剤に烙印を幻を守る。塔の主の喰い。	羅刹に烙印を幻を守る。塔の王の喰い。		
690	羅剤に聖戦に雷電よ救い出せ。原始にて平行の焼か。	羅刹に聖戦に雷電よ救い出せ。原始にて平行の焼か。		
691	閤へ心眼を微塵の宿す。宿り。	闇へ心眼を微塵の宿す。宿り。		
692	羅の聖戦に慢怒に守る。塔と輝きよ失わ。	羅の聖戦に憤怒に守る。塔と輝きよ失わ。		
693	羅剤に聖者刀刻は喰らい。原始にて平行の許さ。	羅刹に聖者刀剣は喰らい。原始にて平行の許さ。		
694	羅の聖戦に圧殺守る。沈黙の平らか呼君住まう。現れよ。	羅の聖戦に圧殺守る。沈黙の平らか呼吸住まう。現れよ。		
695	羅剛に烙印を達に妄ねよ。原理を苑の持て。	羅刹に烙印を達に委ねよ。原理を帝の持て。		
696	羅の烙印輝石な守る。塔と瞬きよ呼君住まう。触れる。	羅の烙印を輝石を守る。塔と瞬きよ呼吸住まう。触れる。		
697	羅の聖者破れ守る。塔と微笑呼び声の住まう。槇たわる。	羅の聖者破れ守る。塔と微笑呼び声の住まう。横たわる。		
698	羅剤に聖者秘術を拒ま。原始の平らか刻ん。	羅刹に聖者秘術を拒ま。原始の平らか刻ん。		
699	女神の浴気に書属仕える。急ぐ。	女神の冷気に眷属仕える。急ぐ。		
700	羅剤に聖戦に抱難を傾け。原始の苑の焼き。	羅刹に聖戦に抱擁を傾け。原始の帝の焼き。		
701	羅の聖者狭間の守る。塔の怒りの岳吸住まう。傷つき。	羅の聖者狭間の守る。塔の怒りの呼吸住まう。傷つき。		
702	羅剤に聖者抱摩の和れ。吹き飛べ。	羅刹に聖者抱擁の踊れ。吹き飛べ。		
703	羅の聖戦に断紹守る。塔と影に現し。	羅の聖戦に断絶守る。塔と影に現し。		
704	真実を浴気に客属生きる。帰す。	真実を冷気に眷属生きる。帰す。		
705	扉よ堅氷よ征笑宿す。宿り。	扉よ堅氷よ微笑宿す。宿り。		
706	羅刹に聖者装きを恵み。つなき止める。	羅刹に聖者裁きを恵み。つなぎ止める。		
707	罹剤に聖戦に回廊に守る。塔と風ば呼び声の住まう。叶わ。	羅刹に聖戦に回廊に守る。塔と風ば呼び声の住まう。叶わ。		
708	爆炎河気に室属徒え。讃え。	爆炎冷気に眷属従え。讃え。		
709	旅路の浴気に客属見失い。刻ま。	旅路の冷気に眷属見失い。刻ま。		
710	羅剤に烙印を幻と恭み。廻る。	羅刹に烙印を幻と恵み。廻る。		
711	慈惟は浴気に強き響く。祈る。	慈悲ば冷気に強き響く。祈る。		
712	羅の烙印慢怒と守る。塔と雲海呼び声を住まう。至ら。	羅の烙印を憤怒と守る。塔と雲海呼び声を住まう。至ら。		
713	羅の聖者姿へ樟たわる。原始の平穏の焼か。	羅の聖者姿へ横たわる。原始の平穏の焼か。		
714	羅剤に聖戦に障害を妄ねる。遂ける。	羅刹に聖戦に障害を委ねる。遂げる。		
715	羅剤に聖者条の触き放て。祈る。	羅刹に聖者条の解き放て。祈る。		
716	罷利に聖者障害を守る。塔と霊にて染み渡る。	羅刹に聖者障害を守る。塔と霊にて染み渡る。		
717	羅剤に聖戦に神聖守る。塔の帝王呼び声を住まう。駆け回り。	羅刹に聖戦に神聖守る。塔の帝王呼び声を住まう。駆け回り。		
718	慈悲を浴気に客属仕える。原妹の帝王住み。	慈悲を冷気に眷属仕える。原始の帝王住み。		
719	羅剛に烙印を幻を貫け。原始の平行の焼き。	羅刹に烙印を幻を貫け。原始の平行の焼き。		
720	羅の聖者大汀の悔み。刻ま。	羅の聖者大河の恵み。刻ま。		
721	女玩法気に強き任ら。原理を帝王休め。	女王冷気に強き在ら。原理を帝王休め。		
722	嘆約に従い涌気に書属支え。急ぐ。	盟約に従い冷気に眷属支え。急ぐ。		
723	調べに浴気に強き遂ける。掲げ。	調べに冷気に強き遂げる。掲げ。		
724	羅の聖戦に極限の守る。塔の圧殺呼び声を住まう。販き。	羅の聖戦に極限の守る。塔の圧殺呼び声を住まう。貫き。		
725	罷剤に聖戦に記憶に響き。原始にて帝の居り。	羅刹に聖戦に記憶に響き。原始にて帝の居り。		
726	羅剛に烙印を以下守る。塔の戦渦と叶わ。	羅刹に烙印を以下守る。塔の戦渦と叶わ。		
727	内臓に浴気に強欲の在ら。原理を苑の響き。	内臓に冷気に強欲の在ら。原理を帝の響き。		
728	羅剤に聖戦に抱擁を具現化せよ。吹き飛べ。	羅刹に聖戦に抱擁を具現化せよ。吹き飛べ。		
729	羅剛に烙印を石に守ら。現れよ。	羅刹に烙印を石に守ら。現れよ。		
730	慈悲にて泥気に書属仕える。原理を帝の任み。	慈悲にて冷気に眷属仕える。原理を帝の住み。		
731	契約に徒い装きと征笑宿す。喩らい。	契約に従い裁きと微笑宿す。喰らい。		
732	羅剤に聖戦に集結逆巻ぐ。原理を帝玩育み。	羅刹に聖戦に集結逆巻く。原理を帝王育み。		
733	底に錦爪で降れ。	底に鉤爪で降れ。		
734	羅剤に聖戦に幻を休め。原理を平穏の見失い。	羅刹に聖戦に幻を休め。原理を平穏の見失い。		
735	羅の聖戦に妖精の守る。塔と世界を呼君住まう。至ら。	羅の聖戦に妖精の守る。塔と世界を呼吸住まう。至ら。		
736	羅の烙印を刀制は守る。塔と糧と渦巻く。	羅の烙印を刀剣は守る。塔と糧と渦巻く。		
737	羅剤に聖者雷を救い出せ。原始にて平行の焼か。	羅刹に聖者雷を救い出せ。原始にて平行の焼か。		
738	羅の聖者鐡と守る。塔と強欲の呼或住まう。呪わ。	羅の聖者鎧と守る。塔と強欲の呼吸住まう。呪わ。		
739	羅の聖戦に不条理の守る。塔と古の呼君呼び覚まさ。砕けよ。	羅の聖戦に不条理の守る。塔と古の呼吸呼び覚まさ。砕けよ。		
740	内に浪気に書属信し。原理を帝の持て。	内に冷気に眷属宿し。原理を帝の持て。		
741	烙印を妖綱の微笑宿す。尽くせ。	烙印を妖精の微笑宿す。尽くせ。		
742	姐まりは翼で微塵の宿す。抗え。	始まりは翼で微塵の宿す。抗え。		
743	羅の聖戦に断紹守る。塔と加護を尽くす。	羅の聖戦に断絶守る。塔と加護を尽くす。		
744	風は泥気に書属死に。拒ま。	風ば冷気に眷属死に。拒ま。		
745	者共泥気に張欲の在ら。原始にて常の失え。	者共冷気に強欲の在ら。原始にて帝の失え。		
746	暖黒の鬼神微慮の宿す。生み出す。	暗黒の鬼神微塵の宿す。生み出す。		
747	刻を凍土に休め。	剣を凍土に休め。		
748	罹の聖戦に刀に守る。塔と糧と呼吸呼び覚ま。消え去ら。	羅の聖戦に刀に守る。塔と糧と呼吸呼び覚まさ。消え去ら。		
749	心も条に過き行く。	心も条に過ぎ行く。		
750	泥砂に浴気に強欲の冠す。開か。	泥砂に冷気に強欲の冠す。開か。		
751	罹の聖者輝きに守る。塔の爆裂呼び声を住まう。朽ち果て。	羅の聖者輝きに守る。塔の爆裂呼び声を住まう。朽ち果て。		
752	羅剤に聖者王が生み出す。原始の苑の居り。	羅刹に聖者王が生み出す。原始の帝の居り。		
753	記憶に浴気に客属抗え。原始にて帝玩育み。	記憶に冷気に眷属抗え。原始にて帝王育み。		
754	地上に貫欲微慮の仕える。受けよ。	地上に貪欲微塵の仕える。受けよ。		
755	羅剤に聖戦に恭みを守る。塔の具足を呼或呼び覚まさ。輝く。	羅刹に聖戦に恵みを守る。塔の具足を呼吸呼び覚まさ。輝く。		
756	罹の聖戦に震えと守る。塔と正義と呼び声を住まう。守ら。	羅の聖戦に震えと守る。塔と正義と呼び声を住まう。守ら。		
757	罹剤に聖戦に吐息を守る。塔と元に呼び声を住まう。借り。	羅刹に聖戦に吐息を守る。塔と元に呼び声を住まう。借り。		
758	羅の聖者憤怒と守る。沈み徳竿呼君住まう。呪わ。	羅の聖者憤怒と守る。沈み微笑呼吸住まう。呪わ。		
759	羅剤に聖者神速を開く。繰り。	羅刹に聖者神速を開く。繰り。		
760	内に浜気に強き付ら。原始の帝王響き。	内に冷気に強き在ら。原始の帝王響き。		
761	羅の聖者圧殺守る。塔と王が呼君住まう。持っ。	羅の聖者圧殺守る。塔と王が呼吸住まう。持っ。		
762	羅の聖戦に闇夜の守る。塔と戦土傾け。	羅の聖戦に闇夜の守る。塔と戦士傾け。		
763	羅剤に聖者以って駆け抜ける。遂ける。	羅刹に聖者以って駆け抜ける。遂げる。		
764	底を法気に室属唱える。原始の帝王呼び戻せ。	底を冷気に眷属唱える。原始の帝王呼び戻せ。		
765	使荻を浴気に客属死に。原理を平らか化し。	使命を冷気に眷属死に。原理を平らか化し。		
766	羅の聖戦に鎖を為り。原始の平穏の守る。	羅の聖戦に鎧を為り。原始の平穏の守る。		
767	羅剤に聖者死の降らす。原始の帝の持て。	羅刹に聖者死の降らす。原始の帝の持て。		
768	羅の聖者不浄の守る。沈黙の雲壊を呼び声を住まう。澄み渡り。	羅の聖者不浄の守る。沈黙の雲壌を呼び声を住まう。澄み渡り。		
769	羅の聖者枯光よ開か。原始にて帝王蛛め。	羅の聖者極光よ開か。原始にて帝王蝕め。		
770	羅剤に烙印を石に詠じる。開か。	羅刹に烙印を石に詠じる。開か。		
771	主の涌気に室属座する。呼び戻せ。	王の冷気に眷属座する。呼び戻せ。		
772	忠女よ揺の微慮の宿す。呼び戻す。	巫女よ揺の微塵の宿す。呼び戻す。		
773	羅の聖戦に回廃へ守る。塔と風ば呼び声の住まう。叶わ。	羅の聖戦に回廊へ守る。塔と風ば呼び声の住まう。叶わ。		
774	爆炎河気に室属徒え。讃え。	爆炎冷気に眷属従え。讃え。		
775	泥砂に浴気に書属清めん。許し。	泥砂に冷気に眷属清めん。許し。		
776	罹剤に聖戦に古の守る。沈み幽冥に呼び声の住まう。帰れ。	羅刹に聖戦に古の守る。沈み幽冥に呼び声の住まう。帰れ。		
777	息吹よ浴気に書属示せ。つなき止める。	息吹よ冷気に眷属示せ。つなぎ止める。		
778	灰基に浴気に客属生み出せ。原始にて帝玉せ。	灰塵に冷気に眷属生み出せ。原始にて帝王示せ。		
779	業火に浴気に客属住まい。映し。	業火に冷気に眷属住まい。映し。		
780	羅の聖戦に条に守る。塔と殲溶の呼び声の住まう。拒ま。	羅の聖戦に条に守る。塔と殲滅の呼び声の住まう。拒ま。		
781	獣と河気に強欲の宿す。起せ。	獣と冷気に強欲の宿す。起せ。		
782	法輪を浴気に客属歌い。解き放ち。	法輪を冷気に眷属歌い。解き放ち。		
783	羅剤に烙印を龍と妄ねる。過き行く。	羅刹に烙印を龍と委ねる。過ぎ行く。		
784	目を法気に書属つなき止める。灰照り。	目を冷気に眷属つなぎ止める。火照り。		
785	羅剤に烙印をた力にて守る。塔の準の呼び声の住まう。刻み込め。	羅刹に烙印を力にて守る。塔の殲滅の呼び声の住まう。刻み込め。		
786	罷の聖者龍と守る。塔の泥砂の如ねる。	羅の聖者龍と守る。塔の泥砂の委ねる。		
787	妖綱の刻の繰り。	妖精の剣の繰り。		
788	羅の聖者目制の守る。塔と輝きに解き放ち。	羅の聖者自制の守る。塔と輝きに解き放ち。		
789	灰慮へ吐息の徳笑宿す。悟れ。	灰塵へ吐息の微笑宿す。悟れ。		
790	羅剤に聖戦に古の澄み滞り。助け。	羅刹に聖戦に古の澄み渡り。助け。		
791	羅の聖者大蛇よ逆巻く。原始にて帝玩許さ。	羅の聖者大蛇よ逆巻く。原始にて帝王許さ。		
792	泥砂に調べな微塵の仕える。現し。	泥砂に調べを微塵の仕える。現し。		
793	碧渠より浜気に書属仕える。原始の帝の守る。	暗渠より冷気に眷属仕える。原始の帝の守る。		
794	む色の浴気に書属唱える。傷つき。	七色の冷気に眷属唱える。傷つき。		
795	羅の聖戦に死神守る。塔と元に呼君住まう。開く。	羅の聖戦に死神守る。塔と元に呼吸住まう。開く。		
796	羽根を浴気に客属宿る。戯れ。	羽根を冷気に眷属宿る。戯れ。		
797	羅剤に烙印を秘術を妃ねる。原始の帝の生み出す。	羅刹に烙印を秘術を委ねる。原始の帝の生み出す。		
798	者の道標と征笑宿す。呼べ。	者の道標と微笑宿す。呼べ。		
799	て凍結敢れ。	以て凍結散れ。		
800	靄太動地の浜気に書属染めろ。原理を帝王休め。	震天動地の冷気に眷属染めろ。原理を帝王休め。		
801	羅剤に烙印強欲の守る。塔と幻を応えよ。	羅刹に烙印を強欲の守る。塔と幻を応えよ。		
802	喪約に従い法気に張欲の響く。如ねよ。	盟約に従い冷気に強欲の響く。委ねよ。		
803	影に河気に書属照らす。帰す。	影に冷気に眷属照らす。帰す。		
804	羅の烙印を枯光よ守る。塔の糧と駆ける。	羅の烙印を極光よ守る。塔の糧と駆ける。		
805	主の浜気に強き遂ける。原始の帝の愚い。	王の冷気に強き遂げる。原始の帝の患い。		
806	羅剤に聖戦に輸石を守る。沈黙の幽冥に呼び声の住まう。開く。	羅刹に聖戦に輝石を守る。沈黙の幽冥に呼び声の住まう。開く。		
807	獣と河気に強欲の宿す。起せ。	獣と冷気に強欲の宿す。起せ。		
808	羅剤に聖者原始の守る。沈み霊魂を呼び声の住まう。任まう。	羅刹に聖者原始の守る。沈み霊魂を呼び声の住まう。住まう。		
809	羅の聖者姿を妄ねよ。原理を帝の生まれ。	羅の聖者姿を委ねよ。原理を帝の生まれ。		
810	七色の浴気に張き遂げる。原始の帝王育み。	七色の冷気に強き遂げる。原始の帝王育み。		
811	宴の涌気に強欲の死に。原始にて帝の育み。	宴の冷気に強欲の死に。原始にて帝の育み。		
812	心ば法気に書属吹き飛べ。原始の苑の振るわ。	心ば冷気に眷属吹き飛べ。原始の帝の振るわ。		
813	以つて浴気に書属守り。原始にて常の見失い。	以って冷気に眷属守り。原始にて帝の見失い。		
814	者共泥気に室属呼び戻せ。原理を平らか終わり。	者共冷気に眷属呼び戻せ。原理を平らか終わり。		
815	羅剤に聖者力持て守る。沈黙の影を呼び声の住まう。消え去ら。	羅刹に聖者力持て守る。沈黙の影を呼び声の住まう。消え去ら。		
816	羅剤に聖者底を開か。原理を帝王取り除き。	羅刹に聖者底を開か。原理を帝王取り除き。		
817	羅の聖戦に煌よ守る。沈みが呼び声の呼び覚まさ。刻み込め。	羅の聖戦に煌よ守る。沈み己が呼び声の呼び覚まさ。刻み込め。		
818	謝の涌気に室属信し。原始にて帝王賜ら。	竜の冷気に眷属宿し。原始にて帝王賜ら。		
819	羅剤に聖者灼熟と守る。塔の我が身ど呼び声の住まう。交わる。	羅刹に聖者灼熱と守る。塔の我が身ど呼び声の住まう。交わる。		
820	罹の聖者装きの許さ。戯れ。	羅の聖者裁きの許さ。戯れ。		
821	罹剤に聖者恵の守る。塔の渦を呼或呼び覚まさ。輝く。	羅刹に聖者恵の守る。塔の渦を呼吸呼び覚まさ。輝く。		
822	羅の聖者永久に刻み込め。過き行く。	羅の聖者永久に刻み込め。過ぎ行く。		
823	呑撃河気に書属住む。原理を帝王守る。	咬撃冷気に眷属住む。原理を帝王守る。		
824	法の涌気に室属淡めん。現れよ。	法の冷気に眷属清めん。現れよ。		
825	泥砂の浴気に強欲の冠す。開か。	泥砂の冷気に強欲の冠す。開か。		
826	羅の聖戦に慢怒と守る。沈み微塵の呼君住まう。呪わ。	羅の聖戦に憤怒と守る。沈み微塵の呼吸住まう。呪わ。		
827	而潮の浴気に書属急ぐ。降らし。	血潮の冷気に眷属急ぐ。降らし。		
828	羅剤に聖戦に烈風を守る。塔の者共呼び声の住まう。治める。	羅刹に聖戦に烈風を守る。塔の者共呼び声の住まう。治める。		
829	罹の烙印を極限の守る。沈黙の巳の呼び声を住まう。持て。	羅の烙印を極限の守る。沈黙の己の呼び声を住まう。持て。		
830	罹の聖者間より響き。持て。	羅の聖者闇より響き。持て。		
831	使いの浴気に室属死に。原始の平行の化し。	使いの冷気に眷属死に。原始の平行の化し。		
832	極征泥気に室属冠す。原始にて帝王成せ。	極微冷気に眷属冠す。原始にて帝王成せ。		
833	自由幽鬼微慰の宮す。生み出す。	自由幽鬼微塵の宿す。生み出す。		
834	もつの浴気に強欲の急ぐ。仰ぐ。	七つの冷気に強欲の急ぐ。仰ぐ。		
835	羅の聖者鎖を守る。塔と盤と呼び声を住まう。帰れ。	羅の聖者鎧を守る。塔と鎧と呼び声を住まう。帰れ。		